DATE,DEPT1_SALES,DEPT2_SALES,DEPT3_SALES,DEPT4_SALES,DEPT5_SALES,DEPT6_SALES,DEPT7_SALES,DEPT8_SALES,DEPT9_SALES,DEPT10_SALES,DEPT11_SALES,DEPT12_SALES,DEPT13_SALES,DEPT14_SALES,DEPT15_SALES,DEPT16_SALES,DEPT17_SALES,DEPT18_SALES,DEPT19_SALES,DEPT20_SALES,DEPT21_SALES,DEPT22_SALES,DEPT23_SALES,DEPT24_SALES,DEPT25_SALES,DEPT26_SALES,DEPT27_SALES,DEPT28_SALES,DEPT29_SALES,DEPT30_SALES,DEPT31_SALES,DEPT32_SALES,DEPT33_SALES,DEPT34_SALES,DEPT35_SALES,DEPT36_SALES,DEPT37_SALES,DEPT38_SALES,DEPT39_SALES,DEPT40_SALES,DEPT41_SALES,DEPT42_SALES,DEPT43_SALES,DEPT44_SALES,DEPT45_SALES,DEPT46_SALES,DEPT47_SALES,DEPT48_SALES,DEPT49_SALES,DEPT50_SALES,DEPT51_SALES,DEPT52_SALES,DEPT53_SALES,DEPT54_SALES,DEPT55_SALES,DEPT56_SALES,DEPT57_SALES,DEPT58_SALES,DEPT59_SALES,DEPT60_SALES,DEPT61_SALES,DEPT62_SALES,DEPT63_SALES,DEPT64_SALES,DEPT65_SALES,DEPT66_SALES,DEPT67_SALES,DEPT68_SALES,DEPT69_SALES,DEPT70_SALES,DEPT71_SALES,DEPT72_SALES,DEPT73_SALES,DEPT74_SALES,DEPT75_SALES,DEPT76_SALES,DEPT77_SALES,DEPT78_SALES,DEPT79_SALES,DEPT80_SALES,DEPT81_SALES,DEPT82_SALES,DEPT83_SALES,DEPT84_SALES,DEPT85_SALES,DEPT86_SALES,DEPT87_SALES,DEPT88_SALES,DEPT89_SALES,DEPT90_SALES,DEPT91_SALES,DEPT92_SALES,DEPT93_SALES,DEPT94_SALES,DEPT95_SALES,DEPT96_SALES,DEPT97_SALES,DEPT98_SALES,DEPT99_SALES,_LINEAR_
"Fri, 5 Feb 2010",15502,46258,11370,20657,20756,3789,15240,20198,11382,12383,11722,2541,30635,20885,0,2044,9658,3855,2180,7641,3189,13401,33474,7872,16165,10869,2458,1083,5988,5310,3290,8498,8029,24950,2507,1167,0,53149,0,40832,1108,3557,0,4166,0,18080,0,0,10502,0,0,3557,0,310,10500,192.75,0,2150,673.44,0,0,0,0,0,0,0,5865,0,0,0,10553,73283,0,14273,0,0,0,12,26618,0,4309,12291,205.42,0,1579,0,8917,0,0,11802,6172,20136,711.6,0,32671,0,3359,118.25,0,1
"Fri, 12 Feb 2010",26220,45354,10598,18758,18720,10224,17016,18470,14180,13233,11111,2159,27586,19152,0,2285,9566,13274,2153,6968,3568,11749,40975,9284,22147,11313,2500,1312,6186,5100,3718,10282,8458,24859,2448,954.5,0,35528,0,38080,2401,3386,0,4054,0,17426,0,0,9202,0,11,2843,0,531,10376,222.5,0,2148,792.36,0,0,0,0,0,0,0,11110,0,0,0,10295,65698,0,13792,0,0,0,0,25913,0,4222,14177,183.4,0,1780,0,7457,0,0,11917,6376,19429,456.46,1242,33110,0,3129,152.75,0,2
"Fri, 19 Feb 2010",26567,48838,10754,19851,16448,7532,17624,19854,12070,14316,12008,2527,30587,18007,0,2004,10076,21820,2353,8047,3408,15687,39755,7320,21556,12198,2729,1343,7181,6241,3969,18802,7510,24766,2979,1307,0,46254,0,44366,2188,4350,0,3804,0,20864,0,0,13600,0,3.96,3958,0,795.5,11986,562.48,0,800,854.35,0,0,0,0,0,0,0,10887,0,0,0,9668,63156,0,13764,0,0,0,0,25737,0,3855,16242,181.86,0,1349,0,8926,0,0,11959,6682,20266,697,3713,34670,0,3094,18,0,3
"Fri, 26 Feb 2010",12888,45517,11850,19132,13354,5227,17212,18838,12517,14383,11279,2699,31691,17341,0,2945,10371,1196,2167,7167,3162,10063,35028,8344,18404,11878,1841,1296,4351,5718,3777,7568,6585,23693,2058,2300,0,43369,0,43638,1691,4602,0,2949,0,16428,0,0,8277,0,0,4092,0,250,8372,403.75,0,1390,698.62,0,0,0,0,0,0,0,3782,0,0,0,9108,55347,0,14064,0,0,0,0,27231,0,3919,13771,347.91,0,1867,0,7210,0,0,12058,6024,18703,528.76,0,32876,0,2761,0,0,4
"Fri, 5 Mar 2010",11970,45964,10350,19876,12735,4672,18893,18269,14392,14332,11288,2804,30659,19856,0,4115,10720,29.75,2147,6881,3111,12509,29324,7017,19389,11782,1763,1074,4843,5688,3547,7563,7274,25256,2551,1120,0,39909,0,42909,1792,4686,0,3144,1.25,18417,-324,0,12934,0,0,3730,0,402,8150,603.9,0,1430,764.04,0,0,0,0,0,0,0,3589,0,0,0,8141,50898,0,15075,0,0,0,0,28339,10.44,3912,12691,398.67,0,1383,0,7628,0,0,11295,6275,18453,550.17,-0.85,33631,0,2868,0,0,5
"Fri, 12 Mar 2010",13856,44159,9953,18298,11452,6403,15439,18230,16317,14346,11222,3086,28204,16727,0,4578,7936,843.6,2555,4963,3458,7367,32337,7313,18234,11154,1682,978.01,4268,5096,2972,6309,6841,20151,3210,1317,0,45340,0,39209,1379,4081,0,3408,0,16571,0,0,10739,0,0,2909,0,293,9103,1356,0,450,615.89,0,0,0,0,0,0,0,4347,0,0,0,6534,47847,0,12681,0,0,0,0,24945,3.48,3819,13342,382.12,0,1428,0,6864,0,0,10785,6447,18413,533.5,3.96,34353,0,2797,82.5,0,6
"Fri, 19 Mar 2010",13769,43278,8381,17758,17678,5602,17930,18526,19311,12337,10282,3248,27950,16483,0,8602,9346,1955,2307,5538,3486,10180,32328,6672,18848,10590,1360,783.54,5182,5576,2319,6543,6569,22002,3610,2026,0,37704,0,42181,1529,4769,0,3796,0,16451,0,0,12705,0,0,3083,0,172,9452,2450,0,580,624.6,0,0,0,0,0,0,0,4116,0,0,0,6879,45914,0,12976,0,0,0,0,23761,0,3852,13503,420.3,0,1615,0,6687,0,0,10729,6586,17592,706.56,0,34928,0,2898,55,0,7
"Fri, 26 Mar 2010",16156,40915,9063,17048,19337,4129,14927,18722,14494,12649,10226,3000,26876,14320,0,6097,8602,3143,2142,5902,3127,8510,30685,7025,17408,8182,1366,945.2,3669,4528,2717,5651,5525,16623,2729,1593,0,47090,0,38642,2395,3846,0,3236,0,15353,0,0,8739,0,0,3268,0,253,8952,1595,0,2505,648.89,0,0,0,0,0,0,0,3575,0,0,0,6298,44311,0,12436,0,0,0,0,20162,0,3650,11633,523.04,0,1506,0,6552,0,0,10191,6295,17532,416.8,3.39,34014,0,2754,90.25,0,8
"Fri, 2 Apr 2010",32660,42753,9907,17888,15353,4758,20611,18435,17848,11369,11187,3094,28699,16939,0,11109,7729,11449,2140,6105,3490,9581,31129,7827,18398,12495,1324,872.85,3995,4180,2715,7480,7582,20957,3549,1343,0,39699,0,40856,1645,4527,0,3827,1,18143,0,0,8489,0,0,3744,0,309,8335,5109,0,1650,591.43,0,0,0,0,0,0,0,5172,0,0,0,7217,38901,0,11604,0,0,0,0,23181,0,3722,13257,633.94,0,1770,0,7606,0,0,10987,6189,18025,530.82,1.13,38124,0,2684,181,0,9
"Fri, 9 Apr 2010",26714,44485,8896,19277,13943,3774,20568,18724,16811,13796,13377,2614,28524,17655,0,12392,8777,8131,2076,5784,3217,6922,32577,7443,21443,12713,1154,685.31,4388,4761,2234,6392,8037,23063,3434,1317,0,42031,0,39791,2283,4613,0,4362,7.5,17133,0,0,9985,0,0,2727,0,150,7987,4706,0,400,711.39,0,0,0,0,0,0,0,5215,0,0,0,5649,44177,0,11453,0,0,0,0,22293,0,3725,11860,391.48,0,1171,0,6592,0,0,10295,5913,17805,590.7,2.26,38037,0,2994,29.75,0,10
"Fri, 16 Apr 2010",11624,45301,9134,18280,9701,3206,18252,18560,19428,12156,11850,2900,28617,12936,0,14158,6915,184.36,1999,5060,2928,6785,33297,7123,19053,11773,1217,776.87,4177,4893,1960,6924,7496,22380,3165,1205,0,50980,0,40901,1606,4862,0,3403,0,17894,0,0,11489,0,3.16,2492,0,391,6908,3967,0,3863,738.16,202.4,0,0,0,0,0,0,4013,0,0,0,5104,36280,0,11571,0,0,0,0,22269,2.5,3773,11697,385.4,0,1281,0,6093,0,0,10066,6267,17193,658.45,1.58,41474,0,2776,4.37,0,11
"Fri, 23 Apr 2010",11594,46796,8833,18921,14951,5272,17875,19151,17265,12488,12183,3130,30058,13466,0,12213,6736,2.8,1951,5332,2775,6359,34836,7834,20871,11913,1319,816.53,4361,5479,2859,7595,7390,21499,2584,1316,0,39727,0,42490,1883,4165,0,3544,0,17154,0,0,9875,0,5.56,3030,0,395.5,7402,4205,0,560,694.91,448.8,0,0,0,0,0,0,4571,0,0,0,4628,37398,0,11744,0,0,0,0,22521,0,3651,14117,353.12,0,1924,0,6377,0,0,10494,6097,17101,600.92,3.39,40475,0,3091,32.95,0,12
"Fri, 30 Apr 2010",11334,43935,8964,17915,11961,5423,19600,19018,19000,12966,11371,2953,27894,13080,0,13813,6363,2,2090,4421,2885,6583,33720,5853,17968,9358,1099,658.43,4486,4804,2077,6979,6354,18341,3081,2171,0,39818,0,39999,1539,4510,0,2681,0,17046,0,0,10917,0,0,2376,0,303,6265,4437,0,650,641.28,378.4,0,0,0,0,0,0,4776,0,0,0,5100,30073,0,10910,0,0,0,12,21764,0,3772,11216,454.76,0,1800,0,7076,0,0,9797,6115,15883,551.93,1.13,38324,0,2795,29.6,0,13
"Fri, 7 May 2010",12331,44024,10903,18682,12181,5149,18002,19811,18106,12935,14667,2759,29879,18322,0,12258,9381,2.1,2570,5899,3134,8447,32201,5691,18069,10023,1202,708.26,4717,5589,2516,10645,6663,20980,3569,1878,0,45967,0,41086,1297,3900,0,3920,0,18141,0,0,9584,0,2,4409,0,227,7147,4959,0,1595,514.35,510.4,0,0,0,0,0,0,10375,0,0,0,6480,36829,0,14870,0,0,0,0,22260,0,4110,12873,351.8,0,2056,0,7745,0,0,9964,6485,17464,617.27,1680,40516,0,3139,5.76,0,14
"Fri, 14 May 2010",12107,45177,7784,17338,9889,6936,16845,17334,17770,12544,12981,2764,27072,17010,0,10030,8107,-3,1877,5578,3551,6294,33553,5256,19817,9301,1200,598.08,5053,5545,3136,11302,5707,21651,3775,1818,0,45325,0,38752,1552,4119,0,3927,0,18843,0,0,10101,0,4.25,4170,0,359.5,8326,3569,0,400,658.6,246.4,0,0,0,0,0,0,9979,0,0,0,6228,41802,0,11029,0,0,0,0,21965,0,3693,12469,319.88,0,1659,0,6860,0,0,9435,6435,16749,694.24,5719,38901,0,2571,2.88,0,15
"Fri, 21 May 2010",12326,47559,8239,19223,8513,4989,24276,20293,21656,13802,13716,3081,31025,16037,0,10678,7136,0,2131,6270,3108,7660,37526,7259,21697,10694,1344,715.7,4727,5595,2791,7446,7551,22611,3309,2807,0,46581,0,40673,1762,4220,0,4239,0,18743,0,0,8898,0,0.5,3478,0,444.5,7990,2143,0,760,648.17,325.6,0,0,0,0,0,0,6018,0,0,0,6559,42478,0,11715,0,0,0,0,22441,23.88,3998,12950,247.54,0,1781,0,6588,0,0,10265,7022,17169,477.76,17.75,41682,0,3233,1.89,0,16
"Fri, 28 May 2010",11582,48613,8020,19129,8723,5225,25176,19053,22511,14712,15640,3149,29258,15447,0,11471,6491,0,2517,6834,3316,6923,40055,7748,20732,10606,1048,608.27,4552,5149,2686,7951,9173,24325,3816,3829,0,37607,0,39942,1802,4264,0,4309,0,19822,0,0,10472,0,0,3106,0,-89,7421,2049,0,5520,685.84,466.4,0,0,0,0,0,0,6187,0,0,0,6709,34011,0,10948,0,0,0,12,23789,0.82,3924,13268,360.14,0,1850,0,8337,0,0,9834,6552,16066,649.3,1.13,46234,0,3047,-10.21,0,17
"Fri, 4 Jun 2010",11725,47168,7574,19641,14058,6436,30504,18427,26524,15980,20285,3101,30469,15541,0,16988,6893,0,2238,7640,3556,7666,41935,7211,23309,10688,1103,703.93,4895,5827,2960,8549,8949,24982,3359,6592,0,39486,0,40234,1939,4525,0,3840,0,21818,0,0,9279,0,-11.73,2865,0,215,8946,2072,0,3420,553.65,316.8,0,0,0,0,0,0,6492,0,0,0,5722,40268,0,11509,0,0,0,12,22001,55.72,4377,13767,432.74,0,1629,0,7779,0,0,9917,7232,17677,887.66,3.24,49767,0,3509,0,0,18
"Fri, 11 Jun 2010",11988,49392,9618,19188,10579,4327,27447,18376,21968,15261,18316,2615,29608,17655,0,9228,6526,0,2752,7436,3592,7526,38533,7572,22097,10695,1058,617.6,5599,5812,2860,7434,9013,21341,3534,4672,0,39772,0,40927,1326,4298,0,3931,0,19692,64,0,9382,0,0,2074,0,351,6357,1585,0,5720,640.48,695.2,0,0,0,0,0,0,5491,0,0,0,7642,43663,0,13850,0,0,0,0,22594,31.84,4657,13630,315.26,0,2209,0,8813,0,0,10855,7465,19246,710.5,8.65,48872,0,3204,0,0,19
"Fri, 18 Jun 2010",11444,50040,8333,19831,12488,3415,25344,18221,18223,16536,17332,3107,29022,15287,0,10620,6377,0,2463,7017,3143,7881,44257,7075,21949,9066,1142,515.06,4762,5032,2342,6648,7751,20599,4072,4641,0,43865,0,40357,2031,4167,0,4337,40,20066,0,0,11082,0,0,2861,0,514,7484,1447,0,2520,550.37,387.2,0,0,0,0,0,0,7779,0,0,0,6950,46185,0,12213,0,0,0,0,25590,7.96,4437,14168,294.46,0,1916,0,7216,0,0,9933,8252,19034,771.96,23.92,49399,0,3196,55,0,20
"Fri, 25 Jun 2010",12114,49164,8920,19470,11849,4495,24950,19347,20551,15188,18596,3085,28117,13758,0,11712,7783,0,2024,6636,3571,7969,45340,7131,22818,9643,1273,640.76,5607,5923,2542,8802,7162,18249,3007,3626,0,39986,0,38507,2355,4163,0,4205,0,20234,0,0,8612,0,0.5,3936,0,174,8624,706.52,0,3175,571.34,272.8,0,0,0,0,0,0,7312,0,0,0,6199,34375,0,11379,0,0,0,0,24111,11.94,4689,13348,255.04,0,1973,0,8905,0,0,10891,7605,17940,679.12,10.72,49985,0,3600,-5,0,21
"Fri, 2 Jul 2010",11325,48261,7277,19549,12833,4215,24326,17818,22262,13957,14695,2969,27849,14189,0,7595,7650,7,2178,6652,3494,8064,35368,5450,19928,8035,1139,460.09,5506,5090,2808,6468,6580,16485,3177,3216,0,32435,0,37335,1656,4742,0,3958,0,18833,0,0,10402,0,0,1826,0,318,7998,721.27,0,225,560.71,332.6,0,0,0,0,0,0,4614,0,0,0,7014,34687,0,11781,0,0,0,0,23346,0,4120,12994,308.88,0,1594,0,7790,0,0,10279,6676,17532,579.54,1.13,46734,0,3204,0,0,22
"Fri, 9 Jul 2010",10990,48747,10810,20218,12834,4692,20384,18158,19600,14169,12451,3726,29007,16158,0,7512,7390,0,2083,6901,3533,7050,32762,5273,19617,7153,1048,546.41,5058,4775,3662,6105,6099,16721,2612,2498,0,37457,0,36742,2186,4332,0,3984,0,17987,0,0,10585,0,0,2449,0,318,8131,444.4,0,3910,506.97,492.8,0,0,0,0,0,0,4460,0,0,0,6303,41456,0,10906,0,0,0,0,21636,-1.4,4280,12596,342.44,0,1800,0,9233,0,0,10400,6828,17927,614.5,11.04,42802,0,3213,0,0,23
"Fri, 16 Jul 2010",12021,49378,14373,20890,12177,5323,23965,18217,21055,15986,14879,3656,29217,14055,0,8355,7757,0,2925,5836,4291,9092,36153,5845,20542,9862,1200,482.59,5440,4825,2529,6621,6706,18312,2763,1668,0,43949,0,40385,1147,4193,0,4761,0,18224,0,0,9794,0,0,2688,0,118,9042,598.97,0,2720,584.86,193.6,0,0,0,0,0,0,4593,0,0,0,8231,40131,0,12572,0,0,0,0,24535,23.88,4325,13443,373.98,0,1595,0,7927,0,0,10375,7719,18407,668.98,0,42204,0,3176,0,0,24
"Fri, 23 Jul 2010",11351,50805,17645,20677,12400,6665,22627,18205,16910,15231,17017,3272,29607,15171,0,6484,8640,0,2222,5320,4103,9222,38859,7834,20263,9730,1031,562.39,4948,4613,3659,6362,7379,18881,2678,2095,0,43275,0,39801,1174,5246,0,3805,19.96,19910,0,0,11151,0,0,1866,0,301.5,8194,747.22,0,2566,439.88,193.6,0,0,0,0,0,0,4723,0,0,0,7802,44670,0,11802,0,0,0,0,25575,11.94,4296,13322,383.9,0,1661,0,6778,0,0,10750,7612,17413,603.8,6.11,43921,0,3336,0,0,25
"Fri, 30 Jul 2010",12044,46334,21689,19144,10943,4566,19369,19241,18151,14934,12169,3432,28915,15481,0,7032,7807,0,2459,5565,3665,8126,32108,6924,17468,8915,1211,724.81,5294,5106,4162,3066,8011,15600,2807,1610,0,40960,0,35857,1206,4221,0,3794,52.88,17809,0,0,8788,0,0,2352,0,385,8330,583.5,0,1025,489.87,167.2,0,0,0,0,0,0,4831,0,0,0,5806,42728,0,11324,0,0,0,0,24746,19.9,4071,12645,304.64,0,1943,0,9034,0,0,9890,6869,17515,567.62,0,40466,0,3022,0,0,26
"Fri, 6 Aug 2010",11022,46908,30026,21123,7389,4153,20791,18653,18284,17538,16448,2888,29200,17002,0,6817,8630,0,2172,6130,3538,8708,36492,10309,16137,7539,1413,377.64,5269,4649,4732,6771,7530,17396,2365,1604,0,40376,0,34955,851,4221,0,3874,0,18162,0,0,9548,0,0,2623,0,292.5,6898,582.23,0,1850,488.93,220,0,0,0,0,0,0,4552,0,0,0,7362,36446,0,12499,0,0,0,0,22445,25.17,4186,12867,312.22,0,1845,0,6709,0,0,10254,7439,18425,615.18,1.13,45009,0,3336,5,0,27
"Fri, 13 Aug 2010",11733,51592,39722,24153,9515,4759,19703,17658,15366,19283,16272,3195,29550,16570,0,5477,7894,0,1831,5942,3313,7869,40595,13563,18024,10425,1537,453.17,6509,4744,7203,6402,10999,17467,2795,1065,0,39527,0,38859,2752,4298,0,4350,0,18091,0,0,10575,0,0,2576,0,276,9641,589.54,0,2100,441.5,167.2,0,0,0,0,0,0,4394,0,0,0,8139,39710,0,13606,0,0,0,0,24886,0,4201,13438,442.84,0,1425,0,7039,0,0,10837,7522,18792,692.24,0,47710,0,3333,0,0,28
"Fri, 20 Aug 2010",10974,56499,63994,26260,9410,4118,19608,17486,17274,17057,13548,2903,32116,14893,0,4913,7014,0,2187,5592,2839,7656,46290,24205,20950,11063,1899,655.13,6914,5634,9819,7099,16121,17592,3046,753,0,35428,0,38397,2373,5057,0,3485,0,18961,70,0,11900,0,0,2482,0,308,7026,327.78,0,3435,509.1,140.8,0,0,0,0,0,0,4326,0,0,0,7078,43534,0,14191,0,0,0,0,26859,0,4057,13763,329.66,0,1699,0,8231,0,0,10707,7422,18075,625.27,0,46502,0,3194,0,0,29
"Fri, 27 Aug 2010",12175,55425,68279,24101,9674,4240,18592,17659,14323,17825,11225,3244,31140,14777,0,5002,6691,0,1905,4832,3182,7441,48923,24317,22472,9931,2635,393.9,6547,6280,13098,5180,16066,20498,3324,782,0,46835,0,39071,2367,4390,0,4092,0,17901,-450,0,12429,0,0,2380,0,338,6520,429.49,0,1913,683.92,193.6,0,0,0,0,0,0,4158,0,0,0,5773,36001,0,14992,0,0,0,0,26518,0,4479,14378,394.66,0,1581,0,9095,0,0,11778,7019,19468,621.14,20,44928,0,3405,0,0,30
"Fri, 3 Sep 2010",11044,49862,30465,22430,10144,2866,17300,17473,21839,16209,10614,3191,29162,14817,0,6930,7126,0,2028,5355,3295,9294,29557,6381,17352,8512,1137,418.83,4511,3666,4044,5697,6498,13810,2159,1093,0,49612,0,37788,4228,5430,0,3711,0,15505,0,0,12922,0,0,2894,0,106,5781,823.48,0,2405,461.39,220,0,0,0,0,0,0,3786,0,0,0,5750,34991,0,13840,0,0,0,0,22112,5.16,4385,13119,358.08,0,1392,0,8922,0,0,10089,6384,18917,690.67,0,41572,0,3293,0,0,31
"Fri, 10 Sep 2010",10909,44853,14946,18267,11859,2114,18110,16989,19936,13243,9772,2591,28643,15979,0,5779,6950,191.7,2224,5206,2730,8102,27724,6218,16368,8978,1008,538.39,4285,4387,4812,7262,6423,13893,2039,861.5,0,36306,0,35317,7263,3347,0,3045,0,15137,0,0,8365,0,0,2591,0,43,6603,475.6,0,400,407.42,237.6,0,0,0,0,0,0,3853,0,0,0,7394,39523,0,13166,0,0,0,0,22440,0,4078,11950,437.22,0,1634,0,7218,0,0,10249,6914,18851,713.09,1.13,38642,0,3260,0,0,32
"Fri, 17 Sep 2010",12620,46488,12316,19223,9894,4108,17774,17507,14061,15436,8490,3100,29852,16414,0,4368,7823,1862,2124,4862,3034,8323,27632,4851,15559,9261,940.78,649.26,4303,4225,3118,7554,5324,13004,2554,756,0,38936,0,39797,6132,4315,0,4388,0,15898,0,0,12205,0,0,3487,0,100,7417,594.66,0,1425,472.3,404.8,0,0,0,0,0,0,4810,0,0,0,4730,40405,0,10886,0,0,0,0,21417,3.98,4208,12860,448.3,0,1742,0,7832,0,0,9993,6953,19001,827.24,2.26,40110,0,3132,-1,0,33
"Fri, 24 Sep 2010",12083,47805,9740,19642,10532,2718,19260,17728,16277,13916,8887,2242,29938,12732,0,4740,7289,2645,1979,4861,2751,7826,30836,5429,16324,10030,1132,568.51,4041,4239,2921,5826,5966,13766,2790,761,0,43560,0,40040,6895,3782,0,4432,14.97,15942,0,0,9536,0,0,2881,0,56,6371,556.99,0,360,393.18,167.2,0,0,0,0,0,0,4200,0,0,0,3280,33576,0,10345,0,0,0,0,23064,1.29,3831,12326,320.04,0,1700,0,8129,0,0,9294,6626,17994,643.41,0,38122,0,3032,0,0,34
"Fri, 1 Oct 2010",13556,46889,9874,18693,11991,3276,17597,20370,13670,14053,9104,2606,30082,13398,0,4644,7569,3750,2486,4503,2904,9579,29909,7482,15957,12926,1369,753.25,3764,4111,3640,6753,5525,14394,2411,1576,0,44550,0,38926,5841,4179,0,4309,0,16057,88,0,8173,0,0,3019,0,201.5,6069,530.18,0,285,355.41,184.8,0,0,0,0,0,0,4047,0,0,0,3403,35458,0,10590,0,0,0,0,20976,0,3831,13433,396.64,0,1602,0,7615,0,0,8915,6097,18672,567.34,2.26,34670,0,2906,44,0,35
"Fri, 8 Oct 2010",15023,44107,9274,19372,10821,3893,15900,21029,14378,13396,10364,2925,30426,13085,0,4123,6640,4883,2624,4516,2748,7368,31812,6883,16866,14440,1495,953.12,4459,3832,2850,6375,6836,15833,2857,1652,0,36550,0,41308,5293,5301,0,3763,0,15614,0,14.97,7437,0,0,2001,0,115.92,6326,906.44,0,1415,392.19,184.8,0,0,0,0,0,0,4989,0,0,0,6270,35024,0,10684,0,0,0,0,20789,0,4025,14213,295.2,0,1643,0,7998,0,0,8751,6656,19397,678.33,41.69,34965,0,3351,147.5,0,36
"Fri, 15 Oct 2010",16468,45989,8919,18531,11137,5264,15894,17625,14504,13480,9178,2964,29724,14381,0,3960,6188,5717,2341,5211,3137,6918,32258,6542,17053,11937,1254,846.22,4570,3438,3147,6144,7241,16583,3043,1648,0,41751,0,42033,11128,5291,0,5108,2.5,15097,0,-14.97,11103,0,0,2315,0,108.76,6812,525.51,0,0,453.63,244.6,0,0,0,0,0,0,5248,0,0,0,5401,30838,0,11043,0,0,0,0,23284,-25.02,4606,13076,317.1,0,1340,0,6497,0,0,9709,6627,20259,666.55,251.71,35225,0,3561,296.25,0,37
"Fri, 22 Oct 2010",18388,47936,9418,19163,12618,4523,19677,17974,13053,13466,9180,3383,29309,15758,0,2579,5586,8744,3081,4584,3125,6152,32333,7604,17958,12732,1423,868.61,4218,4041,2691,6045,7762,16161,3021,1081,0,41775,0,41473,5020,5201,0,4413,2,17602,0,0,10731,0,0,2547,0,138.84,6772,692.38,0,1445,543.6,193.6,0,0,0,0,0,0,5030,0,0,0,4421,40074,0,12283,0,0,0,0,21912,0,4313,13586,203.74,0,1727,0,6652,0,0,10078,6167,19890,541.06,4.22,36289,0,3032,284.5,0,38
"Fri, 29 Oct 2010",28597,46240,8534,19173,11194,4178,18594,17897,14809,12730,10169,3142,29026,13912,0,2328,7209,18580,3140,4310,3227,6611,36562,9172,20388,14779,1942,1357,4848,4670,3828,6854,8391,18079,2938,2062,0,36489,0,38771,10609,4532,0,5783,0,16905,0,0,7450,0,0,3808,0,87.84,6634,867.77,0,0,557.58,237.6,0,0,0,0,0,0,5200,0,0,0,6267,31224,0,10072,0,0,0,0,23012,1.29,5083,14297,161.3,0,1568,0,6085,0,0,9975,5790,21103,560.88,0,35690,0,3198,265,0,39
"Fri, 5 Nov 2010",25975,43423,9012,19461,12896,3330,16825,19126,14471,12457,12897,2708,29729,15166,0,2183,6776,7306,2550,5064,3135,8436,42524,9845,19410,14297,2061,1083,5211,4134,3723,6051,8447,18735,3224,3099,0,39699,0,40189,3867,4619,0,3934,0,16619,0,0,10517,0,0,3087,0,63.92,6814,324.56,0,335,953.38,149.6,0,0,0,0,0,0,4783,0,0,0,4942,29033,0,10811,0,0,0,0,21917,0,5216,13979,235.62,0,1576,0,7680,0,0,9819,6191,21734,770.06,0.5,32316,0,2915,30,0,40
"Fri, 12 Nov 2010",11915,45554,9971,19113,17698,3100,20776,19346,15560,13217,11841,2490,30229,16575,0,1750,6342,6207,2348,4545,3054,7438,39103,10546,19309,15047,2393,1139,5451,3736,4067,6554,10005,17220,2958,2492,0,41337,0,41171,1620,4716,0,4890,2,16233,0,0,12638,0,0,2704,0,160.52,9317,396.28,0,0,1352,149.6,0,0,0,0,0,0,5279,0,0,0,5100,40333,0,12514,0,0,0,0,22516,-17.94,5482,14492,151.54,0,1723,0,7302,0,0,9995,6082,22297,604.15,-1.88,33106,0,3020,50,0,41
"Fri, 19 Nov 2010",13382,45397,9999,20369,17253,4326,22838,20160,11375,14907,14636,2253,29629,19225,0,1090,6763,13373,2758,4894,3133,8343,42789,10918,19736,15457,2293,1435,5706,4166,4474,5621,10502,19796,3795,2687,0,42720,0,39551,2250,4471,0,4580,0,16996,0,0,8920,0,0,2813,0,87.68,9643,572.99,0,895,1253,96.8,0,0,0,0,0,0,4678,0,0,0,4136,39637,0,10382,0,0,0,0,20965,0,5823,14543,103.62,0,1885,0,8093,0,0,9950,6049,24046,797.01,0,31625,0,3096,153.38,0,42
"Fri, 26 Nov 2010",13119,49827,9095,22976,60447,21065,66180,20095,19666,17373,16678,2727,30992,39597,0,2419,9707,34165,2851,8218,3231,16564,60307,18817,21452,23229,2311,1384,7401,4639,5992,10019,18297,26185,3196,5139,0,34624,0,37970,5265,5085,0,6184,0,17935,0,0,6297,0,0,5410,0,-1.98,23671,1390,0,1260,2339,149.6,0,0,0,0,0,0,4894,0,0,0,10996,242590,0,21571,0,0,0,0,28275,5,5844,16383,154.36,0,1548,0,8226,0,0,10854,5928,24842,820.37,0,37052,0,2466,243.13,0,43
"Fri, 3 Dec 2010",16814,44787,10330,19063,20626,4777,46984,19228,11797,13959,17109,2654,27657,17715,0,1361,6709,49337,3136,4176,3100,8484,40372,11948,16394,12318,2365,1220,6381,3562,5214,6376,11831,19625,3136,4788,0,45709,0,40706,2058,4419,0,4876,0,18658,0,0,9224,0,0,3274,0,124.76,9853,2285,0,960,2446,132,0,0,0,0,0,0,4847,0,0,0,6458,47279,0,10877,0,0,0,0,20139,0,5430,17554,96.38,0,1940,0,7626,0,0,9529,5388,19719,397.26,0,29158,0,2717,-3.37,0,44
"Fri, 10 Dec 2010",22315,48685,12034,20382,30863,6635,74770,19766,12875,15330,16780,2780,27953,24005,0,1239,8707,45674,3553,4852,3694,11920,46975,15027,16713,15395,2913,1495,7215,3878,5590,8710,16384,21588,3457,4607,0,40408,0,40628,2790,5139,0,6531,7,21416,0,0,9534,0,0,3438,0,97.68,12608,3214,0,270,4005,184.8,0,0,0,0,0,0,6450,0,0,0,5657,49292,0,10640,0,0,0,0,22951,0,5746,22406,112.3,0,2475,0,7646,0,0,10630,6063,21772,690.1,48.88,33076,0,3073,133.25,0,45
"Fri, 17 Dec 2010",34130,62155,12724,21427,58745,8480,112632,21630,16094,13713,16443,2360,28544,27261,0,824.1,10273,29657,2882,4718,5531,13544,64022,16179,20872,19620,4276,1560,9051,4081,7593,12773,19577,23568,4289,5468,0,46299,0,41602,4630,5036,0,6978,5,30263,34,0,9101,0,0,3084,0,187.68,18202,2658,0,180,9434,554.4,0,0,0,0,0,0,11958,0,0,0,6178,71209,0,11071,0,0,0,0,24421,1.98,6072,29088,80.78,0,4287,0,6421,0,0,11044,6822,21837,596.74,0,38159,0,2940,428.75,0,46
"Fri, 24 Dec 2010",33555,64702,13275,24213,84249,21726,241330,25418,26391,16807,15204,2224,30166,50184,0,1034,12101,21345,2973,5499,5258,19656,88106,20983,28441,29423,5114,1683,14642,6401,11150,34610,25151,32272,4872,7040,0,36551,0,41387,8840,4235,0,7003,0,44706,300,0,10046,0,0,3256,0,307.28,35454,567.25,0,1850,14180,466.4,0,0,0,0,0,0,17369,0,0,0,9694,127227,0,13955,0,0,0,0,29328,5,5858,49976,116.52,0,3291,0,11634,0,0,11657,6144,21586,443.85,0,39515,0,3097,13.61,0,47
"Fri, 31 Dec 2010",10668,39966,7063,19857,17388,3443,18998,17014,12796,11033,10248,2062,27006,17593,0,958.34,7316,8472,1385,4479,2109,7609,36576,5791,14592,7649,2285,1166,5782,4430,4215,6551,7132,14322,2227,1680,0,41877,0,37162,1811,4209,0,2831,0,20107,0,0,12240,0,0,1573,0,91.34,9476,44,0,515,4316,96.8,0,0,0,0,0,0,3906,0,0,0,5234,40469,0,14454,0,0,0,0,18887,0,4393,15090,121.84,0,1393,0,7327,0,0,8732,5264,16036,479.12,0,30476,0,2410,22.5,0,48
"Fri, 7 Jan 2011",9499,38601,10656,19726,12305,1979,16036,17606,9751,9563,11775,2334,27291,16939,0,1141,6122,2839,1670,4308,2630,6834,26691,4623,12248,5746,1867,759.27,4167,2668,3110,4997,4989,12877,1948,1054,0,46022,0,38693,1013,3768,0,2785,0,15376,0,0,10797,0,0,1829,0,162.76,6924,4,0,1786,1077,193.6,0,0,0,0,0,0,3237,0,0,0,6428,36199,0,15139,0,0,0,0,19998,0,6420,12742,126.96,0,1340,0,7338,0,0,10092,7093,20420,502.17,0,31318,0,2965,12.5,0,49
"Fri, 14 Jan 2011",11417,39443,11615,19619,13115,2912,10436,17205,8927,13473,19627,2217,27136,14569,0,1019,6190,1126,1993,3903,2548,7278,35362,6332,12988,7316,2022,839.38,4839,3103,4896,3885,5962,13766,1804,2343,0,48372,0,41615,1456,3581,0,3189,0,15397,0,0,10512,0,0,1855,0,191.76,5524,3.95,0,0,435.34,193.6,0,0,0,0,0,0,3536,0,0,0,4903,28257,0,13104,0,0,0,0,18526,2.5,6179,13850,201.2,0,1277,0,6520,0,0,12106,6736,23447,577.58,0,34670,0,3334,15,0,50
"Fri, 21 Jan 2011",11811,43171,14685,20291,11942,1855,11811,18559,10850,11213,13547,1883,29531,14155,0,1118,4750,1389,1673,4403,2554,6264,31119,4943,12834,7295,1766,932.58,4984,4070,3578,4508,4182,13307,1750,1051,0,49317,0,41608,1130,4022,0,4386,0,15300,78,0,11900,0,0,1826,0,10.92,5665,25.5,0,1070,499.75,158.4,0,0,0,0,0,0,4146,0,0,0,5445,39024,0,12245,0,0,0,0,23553,0,6414,14126,101.94,0,1581,0,6658,0,0,11047,6543,21487,556.77,0,37247,0,3002,0,0,51
"Fri, 28 Jan 2011",12274,43123,13488,19629,14609,3924,12248,18393,9886,12041,11002,2449,27198,15710,0,1172,6166,1812,1670,4567,2555,6743,28148,4888,12301,7839,1838,889.67,5068,3368,2484,5171,4666,12695,1719,698,0,43110,0,40706,1361,4283,0,4025,0,16696,0,0,9335,0,0,2467,0,141.84,6679,55.11,0,465,381.11,176,0,0,0,0,0,0,4239,0,0,0,6322,36784,0,11439,0,0,0,0,23606,12.62,5805,13363,165.86,0,1064,0,6703,0,0,10729,6265,20372,531.24,16,36964,0,3030,156.75,0,52
"Fri, 4 Feb 2011",10595,35376,7311,15673,18028,4140,12513,16936,11370,14032,16231,1538,21627,15108,0,1790,6075,1376,1283,4259,2159,9629,29586,5759,13173,7789,1716,739.28,5511,3710,3302,3343,6260,12993,2032,1615,0,25476,0,30571,5082,2837,0,3259,2.5,13626,78,0,6758,0,0,1629,0,-81,6602,27.26,0,0,489,123.2,0,0,0,0,0,0,2935,0,0,0,5836,40494,0,9087,0,0,0,0,18718,30,5994,11656,74.42,0,699.34,0,5574,0,0,10857,7018,18793,641.62,0,33094,0,3660,0,0,53
"Fri, 11 Feb 2011",21674,46162,10095,20297,20132,3726,13853,18821,11042,14616,10637,2183,28605,16590,0,2011,6662,8005,2241,5765,3028,12237,31843,6911,16586,10526,2063,821.32,6919,4311,3037,3621,8512,18698,2650,1376,0,50711,0,40616,7137,3584,0,4575,0,19665,0,0,11299,0,0,2743,0,-60.16,8758,100.64,0,665,514,167.2,0,0,0,0,0,0,8689,0,0,0,8911,57292,0,11101,0,0,0,0,25364,0,6459,19009,191.66,0,1468,0,6589,0,0,10904,6680,22032,643.42,7.47,36481,0,3336,23.5,0,54
"Fri, 18 Feb 2011",34904,52631,10976,21801,20923,4832,17529,18678,14161,16397,10572,2989,31966,18657,0,3258,9278,23585,2325,5492,3296,10768,36268,7601,18867,11811,2158,1041,8790,6184,2923,16156,9827,20857,2885,682.5,0,42705,0,44119,1437,5333,0,4740,0,21870,0,0,12489,0,0,3163,0,176.84,11086,570.03,0,310,465.53,176,0,0,0,0,0,0,13693,0,0,0,9992,65407,0,14720,0,0,0,0,27914,0,5479,18988,224.64,0,1360,0,8279,0,0,11775,7114,20743,595.28,6034,39473,0,3142,63.75,0,55
"Fri, 25 Feb 2011",11421,47444,10774,20586,16829,2467,19371,20330,15547,12129,11383,2833,32338,16805,0,5417,7963,748.75,2259,6628,3138,12838,33727,6676,18902,11081,1859,767.56,5667,5799,3231,7785,7517,21128,2910,1025,0,42464,0,43004,1487,5686,0,4288,0,18673,0,0,13483,0,0,3028,0,153.56,9248,497.74,0,1645,396.85,123.2,0,0,0,0,0,0,4132,0,0,0,6060,53540,0,13279,0,0,0,0,27446,0,6352,16410,179.92,0,1649,0,8476,0,0,11708,6689,19470,578.3,0,37860,0,2983,1.11,0,56
"Fri, 4 Mar 2011",13036,49124,10267,20623,19113,1617,23584,20541,17800,15108,13418,3165,31385,19199,0,6992,9298,0.75,2237,6032,3117,10182,33961,6909,18161,11071,1876,807.14,5769,5282,3472,7705,5524,19423,2685,1344,0,46023,0,42891,2359,5320,0,4438,1,19161,0,0,15667,0,0,2415,0,35.92,7527,1745,0,0,545.55,114.4,0,0,0,0,0,0,4716,0,0,0,8195,64919,0,13232,0,0,0,0,24879,0,6343,16272,172.98,0,1484,0,7895,0,0,11922,6609,20059,627.76,0,37508,0,3374,0,0,57
"Fri, 11 Mar 2011",13409,48782,10539,20405,15651,3137,17138,18788,18240,13282,10626,2763,31553,16531,0,8404,8463,-5.4,2834,5615,3078,8502,37967,7935,19386,11604,1699,702.33,4854,4901,3263,5789,6499,18724,3254,2247,0,44246,0,43294,2796,4976,0,4628,0,20392,0,0,13363,0,1,3546,0,60.92,8946,1669,0,0,383.75,96.8,0,0,0,0,0,0,4207,0,0,0,7045,46286,0,12356,0,0,0,0,25496,0,7060,14954,198.7,0,1518,0,7567,0,0,11517,7138,21135,545.86,0,37901,0,3536,66,0,58
"Fri, 18 Mar 2011",13161,49759,8011,20235,18375,2739,21944,19880,21559,13350,13413,3531,31435,16867,0,9891,8711,597.07,2253,7289,3267,9640,38718,7096,22568,10737,1629,862.63,5325,6406,3070,6418,6416,20878,3269,2553,0,45384,0,43150,1683,5578,0,5079,0,19454,399,0,15561,0,0,3542,0,33.8,10270,3562,0,410,373.62,114.4,0,0,0,0,0,0,4516,0,0,0,7253,42377,0,12113,0,0,0,0,26550,0,7012,16445,113.1,0,1334,0,6506,0,0,12291,7198,20927,636.88,-1.47,38245,0,3580,33,0,59
"Fri, 25 Mar 2011",12933,47848,10415,19762,14294,3617,20727,18524,18470,15575,12619,2696,30693,16337,0,12415,8031,1073,2631,6086,2802,9183,37314,8435,20093,11364,1468,586.6,5559,5673,2794,7678,7726,20252,3160,1657,0,41852,0,42107,1474,5325,0,4322,0,19961,0,0,13959,0,0,2525,0,61.84,9240,4757,0,250,202.55,220,0,0,0,0,0,0,3796,0,0,0,4726,32846,0,12529,0,0,0,0,24260,0,6277,15031,154.82,0,1410,0,6654,0,0,11089,7101,19293,720.34,0,37972,0,3105,2.75,0,60
"Fri, 1 Apr 2011",12626,43714,9481,18699,18473,2817,18804,18902,15547,15000,10807,2691,28412,16531,0,10990,8371,1413,2351,5136,2981,8990,32467,7407,19066,9324,1635,746.74,4338,5060,2909,5144,6343,19158,2277,1542,0,51380,0,38657,1870,5031,0,4896,0,17644,-399,0,16622,0,0,2624,0,-20.92,8542,5369,0,1020,210.66,211.2,0,0,0,0,0,0,3780,0,0,0,5768,40084,0,12332,0,0,0,0,20858,0,6177,14376,167.1,0,1464,0,6663,0,0,11444,6850,19102,574,0,35377,0,3230,0,0,61
"Fri, 8 Apr 2011",13939,47434,9218,20401,15692,2774,18957,17531,19186,14512,13887,2918,28851,17033,0,12724,7368,1689,2386,6831,2272,7824,34243,6667,21100,9432,1486,847.87,4955,5851,2780,5801,6063,19096,2948,2067,0,40056,0,42125,2501,4553,0,4842,0,19514,0,0,11695,0,0,2933,0,164.68,6430,5430,0,410,249.13,193.6,0,0,0,0,0,0,5008,0,0,0,8192,43759,0,11908,0,0,0,0,21977,0,5910,13701,117.16,0,1299,0,5785,0,0,10960,7147,19938,819.12,0,36866,0,3533,0,0,62
"Fri, 15 Apr 2011",16416,48846,9893,19808,16554,1835,20301,18846,20225,13803,13724,2571,29753,17192,0,13023,7232,2958,1823,4662,2566,8427,37183,6355,19195,9995,1281,597.55,4186,5248,2854,7530,6825,18828,2826,1666,0,55159,0,38688,1656,4284,0,5178,19.96,20131,0,0,10750,0,0,3478,0,224.64,8015,4651,0,515,201.12,149.6,0,0,0,0,0,0,4575,0,0,0,5079,43961,0,11348,0,0,0,0,24047,0,5386,14894,171.92,0,1524,0,6879,0,0,11211,7603,18908,607.64,-1.88,40721,0,3323,31,0,63
"Fri, 22 Apr 2011",30201,50271,9536,19843,15441,4228,24132,18381,19281,14871,13323,3287,28561,17802,0,11886,6733,9563,2605,5238,3297,8531,37455,7603,20243,12986,1276,714.04,4545,4811,3432,8456,7812,21220,3030,1855,0,39810,0,41764,2142,4692,0,5143,0,20796,0,0,12472,0,0,3241,0,125.76,9421,5125,0,0,258.72,264,0,0,0,0,0,0,5774,0,0,0,8117,39350,0,11407,0,0,0,0,23321,0,5803,14243,220.7,0,1243,0,6169,0,0,12188,7690,21180,615.1,0,42545,0,3469,262.75,0,64
"Fri, 29 Apr 2011",24534,45838,8354,20205,14880,7450,22348,19935,18276,13317,12392,3621,28864,18315,0,10148,6408,7049,2012,4588,3103,6918,37492,7448,22340,11401,1275,548.64,4921,5302,2893,6948,6998,21205,2979,1660,0,43447,0,41002,1723,4854,0,4686,0,20484,0,0,13783,0,0,3136,0,76.84,8943,3548,0,0,177.11,158.4,0,0,0,0,0,0,5645,0,0,0,7262,45882,0,10905,0,0,0,0,24701,0,5708,14325,125.98,0,1457,0,6048,0,0,12023,6752,19498,596.38,0,40766,0,3478,94.13,0,65
"Fri, 6 May 2011",11660,45331,10922,19576,10960,4326,17656,18986,18008,12865,11033,2884,28070,16837,0,8933,8278,219.52,2434,5171,3266,7587,30783,5879,19072,10560,1376,813.41,4814,4891,3022,8665,5889,17397,2733,1557,0,46635,0,39238,2242,4363,0,5194,0,19267,0,0,11102,0,0,2981,0,40.92,6681,3307,0,0,146.34,246.4,0,0,0,0,0,0,10145,0,0,0,4892,37107,0,12250,0,0,0,0,21594,6.4,5899,13545,170.3,0,1814,0,6848,0,0,11081,6436,20083,591.06,459,38526,0,3550,4.18,0,66
"Fri, 13 May 2011",13009,45079,8158,18822,11060,5430,17318,17955,17161,15145,13081,2941,27333,19697,0,9315,6724,-6.23,2283,5174,2638,6985,38293,6827,19135,9511,1638,761.61,5506,4795,3698,12122,6057,22856,3933,2155,0,44448,0,41348,3072,4568,0,4647,0,20772,78,0,13025,0,0,3455,0,76.84,8219,3292,0,230,210.5,140.8,0,0,0,0,0,0,9822,0,0,0,6570,40288,0,12252,0,0,0,0,21908,0,4920,12981,148.2,0,1432,0,7231,0,0,10762,6704,18901,548.66,5601,40551,0,3448,0,0,67
"Fri, 20 May 2011",11872,48771,8795,19805,14134,3347,21631,19259,18288,15532,11411,3787,30585,16801,0,10603,6192,0,2105,5223,2734,6339,34942,6716,18769,9854,1261,628.62,4580,4702,2876,7417,5648,18870,3014,2367,0,46330,0,41651,1915,4755,0,5156,0,20818,0,0,11057,0,0,2554,0,162.48,8641,1941,0,310,140.99,193.6,0,0,0,0,0,0,4895,0,0,0,6433,39817,0,12710,0,0,0,0,25159,0,5380,13795,142.74,0,1582,0,7313,0,0,10974,6964,19258,762.56,-2.48,41530,0,3489,152.44,0,68
"Fri, 27 May 2011",11556,48034,7641,20282,14783,5356,20144,21621,20933,14226,13169,2908,28177,15111,0,10699,6689,-0.97,2363,5503,2299,7330,35211,6244,20915,9643,1270,642.3,3999,4655,2617,7550,6365,17919,2632,3130,0,42436,0,38371,3013,6426,0,4942,0,20215,0,0,8868,0,0,2260,0,135.68,8989,2139,0,820,131.18,149.6,0,0,0,0,0,0,4970,0,0,0,7805,38157,0,12847,0,0,0,0,25219,0,5479,15944,171.6,0,1700,0,7304,0,0,10621,6987,17663,733.94,0,43271,0,3555,1450,0,69
"Fri, 3 Jun 2011",11144,49777,7635,20977,14169,6605,27173,21070,24230,16726,18955,3425,29096,15611,0,15208,6497,0,2397,6553,2692,7224,40100,7149,21674,8813,1114,617.51,4316,5206,2718,8050,6874,22152,3688,5888,0,34796,0,39062,3799,3954,0,4471,0,22868,0,0,7983,0,0,3198,0,100.84,7698,1311,0,520,93.09,132,0,0,0,0,0,0,5388,0,0,0,7579,33915,0,13287,0,0,0,0,20952,0,5312,15187,91.26,0,1668,0,7488,0,0,10867,6947,18257,722.44,0,47157,0,3455,97.1,0,70
"Fri, 10 Jun 2011",11215,48788,9179,20818,15323,4812,26998,21061,22773,17212,18397,2936,30208,15425,0,13795,7071,0,2032,6842,2756,5951,40026,7093,18985,10602,1253,515.16,4713,5373,2864,7081,7319,21228,2517,5421,0,42442,0,40824,3449,4594,0,4928,0,21813,0,0,14944,0,0,3117,0,83.6,8342,1388,0,470,163.76,211.2,0,0,0,0,0,0,4900,0,0,0,6197,39574,0,12555,0,0,0,0,22965,0,5870,14820,165.22,0,1751,0,7529,0,0,11954,8051,20251,731.78,0,47559,0,4030,143.47,0,71
"Fri, 17 Jun 2011",11468,51446,8735,20306,15699,3754,24742,20619,24095,18525,19515,3429,29469,16448,0,11488,6985,0.9,2449,6703,3467,8956,43982,6859,21718,11242,1230,479.42,4754,5638,3238,8034,7301,21134,3041,4556,0,47635,0,40808,9236,5171,0,4624,0,22130,0,0,11376,0,0,2513,0,33.92,8503,1222,0,1340,125.59,246.4,0,0,0,0,0,0,7545,0,0,0,6626,41135,0,12595,0,0,0,0,24938,0,5852,14613,262.06,0,1581,0,7955,0,0,10958,8243,19292,875.36,1.33,50435,0,3809,36.51,0,72
"Fri, 24 Jun 2011",11816,47897,8569,19036,16741,4028,22708,19361,22031,18139,16890,2923,26590,16268,0,11151,6570,0,1713,6070,3210,7280,45216,6725,20687,9347,1054,526.89,4700,5250,2732,6483,6250,19081,3111,4030,0,40647,0,38407,3732,4856,0,4527,0,20475,75,0,13111,0,0,3228,0,28.92,8234,599.14,0,1600,118.2,149.6,0,0,0,0,0,0,6309,0,0,0,4181,39618,0,12023,0,0,0,0,25368,-20.97,5707,13432,305.12,0,1848,0,7332,0,0,11350,7322,18861,716.38,0,49087,0,3834,57.88,0,73
"Fri, 1 Jul 2011",11609,49776,8359,19901,13903,4395,22262,19438,24604,19655,16934,3386,28567,15012,0,11986,6899,0,1860,7086,3089,7506,39343,5882,20546,9262,1123,596.3,4263,5325,3391,5879,6345,20479,2406,3944,0,48143,0,39296,1681,5364,0,4396,0,20785,0,0,12015,0,0,2231,0,100.76,7377,1040,0,3370,178.91,158.4,0,0,0,0,0,0,3836,0,0,0,6218,36088,0,12230,0,0,0,0,26743,0,5542,18502,238.02,0,1475,0,7771,0,0,11492,7456,19021,796.08,596.83,51330,0,3911,248.84,0,74
"Fri, 8 Jul 2011",10636,45695,9066,19012,13964,5132,22118,17940,22661,20705,18018,3356,25896,16446,0,12471,8010,0,2249,7758,2884,8795,35905,5894,18822,8523,1044,533.69,4161,5048,3137,6114,6590,20367,2984,4248,0,37540,0,37865,1396,4314,0,3817,0,20338,0,0,9245,0,0,2889,0,91.8,7921,1030,0,1485,159.1,184.8,0,0,0,0,0,0,3617,0,0,0,5252,30618,0,10368,0,0,0,0,23548,0.1,5636,15799,29.24,0,1126,0,7689,0,0,8225,3878,19838,557.24,1624,49388,0,2432,20.86,0,75
"Fri, 15 Jul 2011",12253,48883,12533,18736,13662,3470,17206,19841,15931,19557,15837,3718,29105,15453,0,9090,7094,0,2081,5514,2818,8401,34380,6062,18088,7665,1059,454.98,4806,4531,3324,5849,5999,18975,2136,2412,0,45060,0,39107,1323,4922,0,4013,0,18127,0,0,11474,0,0,2984,0,103.76,8471,680.25,0,310,108.23,167.2,0,0,0,0,0,0,3746,0,0,0,7601,32242,0,10788,0,0,0,0,24427,0,5053,13878,81.64,0,1335,0,6964,0,0,10655,7015,19629,787.68,758.81,46004,0,3573,0,0,76
"Fri, 22 Jul 2011",12008,51560,19763,20467,16139,4867,17582,19522,14659,20230,18306,3460,30187,16604,0,7946,7750,0,1724,5778,2849,8893,38613,7342,20828,10074,1192,376.15,5439,5370,3952,6675,7133,19862,3257,1581,0,41039,0,38313,1071,5478,0,4008,0,20956,0,0,12592,0,0,2726,0,112.68,8468,560.04,0,750,175.56,140.8,0,0,0,0,0,0,3945,0,0,0,6551,39447,0,12893,0,0,0,0,26544,0,5314,18154,200.06,0,1404,0,7598,0,0,11402,7284,20647,799.5,1600,48594,0,3738,0,0,77
"Fri, 29 Jul 2011",12206,51142,24681,19543,13890,3696,18558,18704,15958,16906,17631,2888,27407,16714,0,6344,7502,0,1549,5839,2626,7774,34569,8561,18590,8401,1256,505.38,4548,4814,4966,6330,7045,17684,2577,1433,0,44069,0,37631,1459,4376,0,4082,0,20844,0,0,10750,0,0,2468,0,118.08,8032,499.58,0,0,71.08,264,0,0,0,0,0,0,3783,0,0,0,5722,37048,0,12689,0,0,0,0,23402,0,5467,15059,245.72,0,1220,0,7263,0,0,11979,7297,19965,554.38,2285,45984,0,3703,0.04,0,78
"Fri, 5 Aug 2011",12075,50037,31976,22134,15499,2679,16746,17967,14584,20605,18974,2883,27551,16765,0,5655,7359,0,1820,6124,2986,10690,35701,10102,19531,10912,1370,500.33,4702,5246,5462,6676,8366,19438,2456,1101,0,41536,0,40469,1184,4979,0,3663,0,19297,0,0,12574,0,0,1807,0,134,7138,573.17,0,655,119.21,220,0,0,0,0,0,0,3718,0,0,0,5951,42728,0,12955,0,0,0,0,23913,0,5379,16946,192.94,0,1440,0,8250,0,0,11552,7813,20275,620.76,428.67,47133,0,3299,0,0,79
"Fri, 12 Aug 2011",11442,50653,46790,22004,14691,3516,17807,17240,14628,19663,11138,3250,26543,16030,0,7756,7009,0,2020,5000,3029,7114,36178,15603,18331,8440,1367,406.16,4700,4331,7183,5315,10080,19911,1983,825,0,36189,0,37616,2017,4650,0,3496,0,19348,0,0,13783,0,0,2755,0,75.08,7709,277.18,0,1515,160.11,105.6,0,0,0,0,0,0,3607,0,0,0,5861,39379,0,12579,0,0,0,0,23772,1,5218,14674,182.58,0,1293,0,7367,0,0,11385,7962,20878,676.02,522.97,46307,0,3473,122.18,0,80
"Fri, 19 Aug 2011",11944,53596,67258,25918,13351,3652,16450,18185,12607,17381,12188,2746,31243,15366,0,5166,8040,0,1846,5268,2861,8603,41828,25125,20828,8895,2093,520.96,4988,5392,12869,5785,15958,19632,2889,605.97,0,47540,0,39404,1403,5238,0,3760,0,20807,0,0,14412,0,0,3163,0,10.12,7279,319.88,0,0,249.07,193.6,0,0,0,0,0,0,3440,0,0,0,6515,42254,0,14200,0,0,0,0,24300,0,5600,15411,150.96,0,1194,0,7009,0,0,11872,7176,20826,722.86,189.28,46384,0,3429,20.86,0,81
"Fri, 26 Aug 2011",11739,52998,71832,25790,11642,1755,14903,17192,11680,18527,11393,2867,30084,12535,0,5455,6412,0,1574,4775,2907,8112,46066,24560,20586,9115,2091,461.1,5155,5535,13839,5927,16646,19559,3004,256.94,0,42325,0,38687,2232,4663,0,3665,0,19249,0,0,11272,0,0,3097,0,78.76,5927,291,0,0,87.87,149.6,0,0,0,0,0,0,2947,0,0,0,4340,28928,0,11123,0,0,0,0,25662,1.98,5492,15985,125.42,0,1477,0,7922,0,0,12529,7174,20403,560.92,0,44085,0,3645,28.04,0,82
"Fri, 2 Sep 2011",12071,47474,32457,21297,11015,3444,15995,17327,19351,17442,11300,2728,30333,11849,0,5418,5784,0.97,1193,4119,3330,6270,27892,7603,14311,6863,1312,441.91,4058,4032,4910,5553,6771,15132,2277,248.82,0,44276,0,37250,2144,4492,0,3693,0,17943,0,0,10165,0,0,1747,0,23.92,8689,404.88,0,0,130.62,202.4,0,0,0,0,0,0,3422,0,0,0,4491,33547,0,10198,0,0,0,0,23764,0,5069,18101,88.24,0,1201,0,7745,0,0,11003,6406,18622,630.56,0,45460,0,3044,0,0,83
"Fri, 9 Sep 2011",11735,47015,14230,18534,11239,2261,14252,17116,14581,15946,9194,2733,26787,10476,0,5975,6075,35.62,1536,4982,3242,7690,27246,5824,14342,9252,1335,446.3,3979,3799,3513,6625,6446,14614,1827,684.28,0,35649,0,37279,3026,4487,0,3327,0,17632,0,0,10525,0,0,2822,0,58.92,7158,764.23,0,1000,97.63,149.6,0,0,0,0,0,0,3313,0,0,0,3906,28140,0,10227,0,0,0,0,23524,0,5128,13979,68.16,0,1132,0,6932,0,0,10758,6998,23996,809.88,0,42288,0,3248,0.02,0,84
"Fri, 16 Sep 2011",13253,46773,11409,17557,12715,2792,14978,16369,11132,13825,9072,2815,26940,11840,0,3766,5629,699.08,1811,3510,2970,6327,28138,6327,15247,8605,1237,554.85,3477,3540,3483,5812,6353,13843,2108,372.52,0,40581,0,37927,3133,5160,0,4132,0,16935,0,0,12171,0,0,2103,0,55.92,6697,849.74,0,365,142.34,220,0,0,0,0,0,0,3290,0,0,0,4076,35043,0,8049,0,0,0,0,22366,4,4888,12929,131.14,0,1114,0,6481,0,0,10849,6809,24874,763.08,0,43105,0,3003,0,0,85
"Fri, 23 Sep 2011",12962,47092,10909,17246,12890,3172,17034,17239,11819,15469,8873,2635,27103,13537,0,5082,5523,2168,1571,3800,3288,6788,31219,5652,16432,9602,1392,591,4148,3734,2614,5923,6802,14377,2052,825.24,0,43533,0,39388,3372,5299,0,4175,0,17298,0,0,10645,0,0,3305,0,5.88,7983,1205,0,630,139.29,79.2,0,0,0,0,0,0,3617,0,0,0,4208,34835,0,9495,0,0,0,0,23064,8.86,4405,18216,64.94,0,1485,0,6876,0,0,10928,6105,23887,528.12,102.58,42156,0,3216,97.25,0,86
"Fri, 30 Sep 2011",12921,46194,9140,16365,10589,2812,14862,16672,11795,14649,8190,2688,26485,12142,0,3224,6037,2623,2010,3759,3563,7631,28658,6044,15499,9029,1271,623.18,3761,4065,2877,5794,5913,13799,2309,541.22,0,42996,0,37986,4800,4949,0,5275,0,15882,0,0,8940,0,0,2725,0,38.36,7152,1473,0,685,142.91,140.8,0,0,0,0,0,0,3653,0,0,0,4990,32290,0,8771,0,0,0,0,21835,30.31,4507,12722,71.56,0,1612,0,8010,0,0,11311,6685,23000,522.8,310.55,40248,0,3461,221.53,0,87
"Fri, 7 Oct 2011",14081,45750,9656,17968,13831,3541,15926,15268,12263,12680,10484,2587,27616,12527,0,2846,5848,2692,1757,4142,3365,7374,25478,6297,16977,9989,1295,522.08,3649,3900,2652,5365,5696,14141,2237,620.04,0,39852,0,41351,5517,5319,0,3920,0,16607,0,0,11639,0,0,2142,0,53.72,5677,1128,0,510,49.08,184.8,0,0,0,0,0,0,3822,0,0,0,5610,33738,0,11493,0,0,0,0,20268,7,4934,13127,98.7,0,977.71,0,7642,0,0,11322,7051,24051,738.32,600.99,39360,0,3393,249.37,0,88
"Fri, 14 Oct 2011",15029,47065,9692,17935,14236,1993,16641,16874,12929,13877,9488,3070,28299,13180,0,1661,5162,4585,2362,4156,3039,6775,28412,6984,18983,11671,1176,740.06,3789,3986,3279,4720,7164,14148,1883,975.09,0,44077,0,38722,4286,4309,0,4388,0,17332,0,0,9206,0,0,3217,0,68.84,5746,798.97,0,67.5,242.27,96.8,0,0,0,0,0,0,3860,0,0,0,4945,31854,0,8832,0,0,0,0,21110,0,5051,14084,167.3,0,1483,0,6622,0,0,10717,6274,24933,564.66,349.2,38750,0,3195,73.81,0,89
"Fri, 21 Oct 2011",18599,47695,10396,18145,16001,2407,20464,16844,13037,15479,10290,2777,27716,12637,0,2406,6244,6188,1541,3977,2829,6694,36739,9552,16975,14209,1792,740.76,5038,3421,3429,4884,8797,16608,2887,1655,0,42466,0,40949,7169,4687,0,4408,0,17541,0,0,9838,0,0,2626,0,10.88,6249,1098,0,270,247.61,149.6,0,0,0,0,0,0,3813,0,0,0,4638,48567,0,9845,0,0,0,0,20461,42.17,5210,15276,88.08,0,1098,0,6087,0,0,10592,6541,25725,540.36,360.84,39851,0,3415,82.38,0,90
"Fri, 28 Oct 2011",22205,45954,8939,17435,14174,2895,23149,16292,11849,14242,9433,2839,26821,12241,0,2417,6616,13601,2104,4425,3468,6907,40163,9550,19329,12617,1862,1080,4903,4050,3923,5552,9405,16498,2078,1693,0,42431,0,38317,7388,5001,0,5136,0,17228,0,0,12186,0,0,2523,0,72.72,7503,513.22,0,0,221.27,158.4,0,0,0,0,0,0,4038,0,0,0,3486,47769,0,8684,0,0,0,0,21996,4.98,4771,15728,97.56,0,1579,0,7279,0,0,10754,6103,25161,615.4,58.2,37981,0,3200,117.55,0,91
"Fri, 4 Nov 2011",30027,47754,9170,18774,20388,3228,23732,17543,14824,15481,12423,3253,29108,12155,0,1386,6714,11013,1930,4600,3030,8397,40251,9812,17104,13954,2324,1231,4748,3992,4243,5668,8354,18498,2308,2690,0,45272,0,42131,2655,6044,0,4372,0,19686,224,0,10045,0,0,2805,0,30.92,6997,469.85,0,685,329.33,184.8,0,0,0,0,0,0,4130,0,0,0,5986,43104,0,8930,0,0,0,0,19600,6.48,5008,13420,112.62,0,1185,0,7429,0,0,10943,6260,27951,565.62,0,37298,0,3315,77.31,0,92
"Fri, 11 Nov 2011",14688,49267,10804,19508,20121,3295,26880,17097,12114,14548,11048,2700,28867,11360,0,1253,6953,8109,1775,3794,3939,8471,37236,8872,17092,15379,2058,960.24,5208,3747,3758,5564,9291,19397,2548,2642,0,44241,0,41490,2523,5479,0,4525,0,18092,0,0,9045,0,0,3331,0,131.96,16346,161.22,0,400,503.78,255.2,0,0,0,0,0,0,4039,0,0,0,3001,42253,0,9795,0,0,0,0,21699,0,5135,16901,199.98,0,1212,0,7267,0,0,11816,6425,28982,808.68,45,36990,0,3725,205.94,0,93
"Fri, 18 Nov 2011",12800,50626,9853,19597,14902,4413,27630,17295,11336,13278,11910,2743,27566,14864,0,1442,7638,11106,1609,4752,4026,8859,38583,8192,17982,13102,1936,1017,5484,4276,3407,6214,8633,18752,2402,2420,0,36195,0,40445,3457,5404,0,4771,0,17464,0,0,9076,0,0,2286,0,72.48,10524,462.56,0,425,693.2,176,0,0,0,0,0,0,4655,0,0,0,5723,36458,0,8279,0,0,0,0,22426,94.78,5380,13720,192.32,0,914.58,0,6920,0,0,11484,6240,30552,685.66,327.94,36803,0,3359,703.5,0,94
"Fri, 25 Nov 2011",14100,53640,9420,22294,60626,13616,67076,17214,20161,15533,14811,2855,30987,35553,0,1955,10917,31546,1917,7161,4303,14035,54662,17687,22409,18826,2816,970.39,7156,4172,4123,7617,15839,24295,2363,3481,0,33304,0,38720,4360,5663,0,5992,0,20536,0,0,9360,0,0,6143,0,78.08,24666,1997,0,1318,520.56,88,0,0,0,0,0,0,4131,0,0,0,8354,244641,0,18282,0,0,477,0,26882,87.96,4906,17630,118.26,0,1602,0,7865,0,0,12294,6070,34013,1644,276.91,38085,0,2703,323.5,0,95
"Fri, 2 Dec 2011",15459,46443,10735,19054,21614,2570,38972,17154,11736,15260,18216,2457,26296,15289,0,770.4,7529,39797,2119,4479,3972,8732,38256,10540,16106,10667,2615,1014,5190,3215,4403,4411,10553,17372,2351,2893,0,42473,0,40359,2178,5034,0,5765,0,19420,0,0,8722,0,0,2742,0,101.64,9927,3807,0,1210,847.94,176,0,0,0,0,0,0,3947,0,0,0,5552,48480,0,8338,0,0,0,0,19299,82.62,4829,15165,121.2,0,1809,0,6681,0,0,11383,5659,26013,553.44,60.02,30910,0,2980,321.41,0,96
"Fri, 9 Dec 2011",21262,45344,11987,19371,26911,4344,54602,19886,13025,17168,21718,2079,26605,20606,0,841.37,7411,35536,2303,4716,4144,11685,54544,15076,18651,11503,3450,1450,7111,3394,7517,7273,12888,22032,2700,5879,0,43651,0,38270,2366,4345,0,6772,0,22318,0,0,5896,0,0,3211,0,54.12,9520,3859,0,1168,1452,228.8,0,0,0,0,0,0,5879,0,0,0,6044,44709,0,10169,0,0,0,0,20990,176.8,5458,18872,465.48,0,1652,0,7671,0,0,11711,6977,29904,619.68,596.43,33736,0,3539,454.51,0,97
"Fri, 16 Dec 2011",32038,65569,14232,20377,34880,6034,90309,20377,16409,14938,14073,2538,29272,22358,0,674.3,11072,34095,1991,5152,4851,13394,51827,14845,19823,13354,4070,1402,6995,3587,7311,11645,15361,22178,2975,4346,0,36849,0,40295,3959,6200,0,7207,0,30193,49.97,0,6820,0,0,3785,0,177.64,17425,2424,0,1010,4011,290.4,0,0,0,0,0,0,9672,0,0,0,4896,47420,0,9845,0,0,0,0,24804,62.17,5518,25574,200.62,0,2775,0,7547,0,0,13014,6786,29947,837.88,961.86,38532,2,3544,597.83,0,98
"Fri, 23 Dec 2011",33879,69345,14226,22077,72017,9623,172053,25574,19240,16951,14688,2342,28940,37564,0,1376,12543,26188,2295,6125,5794,18086,77014,19542,27361,21067,4802,1279,11282,5142,8443,24021,21587,30005,4628,6034,0,39609,0,42979,6121,5764,0,7625,0,41955,0,0,11803,0,0,4502,0,252.96,33002,585.49,0,1565,6016,492.8,0,0,0,0,0,0,16182,0,0,0,6235,88778,0,13424,0,0,175,0,25943,125.74,5241,47163,260.24,0,3310,0,9757,0,0,13900,6816,29963,691.78,277.94,37072,0,3444,387.5,0,99
"Fri, 30 Dec 2011",15984,46444,8560,18275,26755,6164,52527,16171,13224,13515,11113,1654,25223,20015,0,986.15,9605,14640,1241,4524,3551,11421,42259,8080,14168,8713,2718,869.77,6201,3490,3848,11153,8211,18142,2297,2720,0,43383,0,35248,2578,5433,0,4240,0,23785,0,0,12295,0,0,1859,0,84.72,16401,43.88,0,1875,3359,96.8,0,0,0,0,0,0,6707,0,0,0,5706,42995,0,11685,0,0,0,0,19963,103,4199,22918,116.3,0,1661,0,7713,0,0,10796,5067,23872,608.86,203.01,32072,0,2754,80.56,0,100
"Fri, 6 Jan 2012",12208,43989,13225,19294,13210,2294,13962,16591,9961,11731,12062,1862,27540,13340,0,1549,6850,9172,1332,4564,2469,8873,26978,4629,10207,5420,2053,1024,4885,3649,1991,2540,4002,13294,1621,469.58,0,40691,0,40509,1118,5562,0,3144,0,16008,-16,0,10657,0,0,1889,0,49.88,7832,158,0,1150,458.09,387.2,0,0,0,0,0,0,3513,0,0,0,5204,29523,0,13414,0,0,0,0,19894,101.1,5685,12553,117.44,0,1404,0,7931,0,0,11689,6292,25448,788.42,0,34916,0,3238,32.5,0,101
"Fri, 13 Jan 2012",12470,44391,12251,18288,12338,1751,10131,17185,10736,11416,11776,1752,27919,13351,0,696.64,6216,3335,1510,4401,3016,7606,25759,4638,11794,5911,1653,812.01,4516,2810,1588,3444,4401,11583,1483,1173,0,45680,0,42325,731,4448,0,3781,0,15026,0,0,7823,0,0,2008,0,62.96,6057,144.4,0,2840,72.57,105.6,0,0,0,0,0,0,2881,0,0,0,4119,29297,0,12882,0,0,0,0,21339,82.24,5219,13630,158.34,0,935.9,0,8101,0,0,12199,6407,28222,711.32,-6.88,36200,0,3557,46.46,0,102
"Fri, 20 Jan 2012",13821,46106,15206,18396,12971,1346,9846,16781,9632,11749,11513,2910,27846,15045,0,1612,6250,1523,1258,5093,2692,7563,26988,4347,12168,6690,1739,805.09,4523,3319,1865,5127,4536,13162,1945,1249,0,42287,0,42547,834.47,5931,0,3607,0,16573,0,0,10163,0,0,2464,0,10,7522,109.13,0,1635,100.94,316.8,0,0,0,0,0,0,3430,0,0,0,4513,30480,0,10845,0,0,0,0,22771,143.66,5480,12954,133.84,0,1658,0,6326,0,0,12738,6620,27803,706.68,75,39255,0,3418,105.56,0,103
"Fri, 27 Jan 2012",13300,42044,12379,17346,12180,1739,11648,15481,9780,11408,9089,2409,26189,12234,0,1619,5493,1802,1303,3499,2619,5626,25641,4521,12054,6976,1515,855.15,4098,3109,2709,3721,5118,13628,1570,1340,0,42349,0,38066,954,4999,0,4198,0,16419,0,0,8913,0,0,2219,0,-24.88,5867,101.61,0,0,124.33,179.4,0,0,0,0,0,0,3511,0,0,0,2989,30206,0,11120,0,0,0,0,23235,65.99,5466,13616,103.08,0,1128,0,5930,0,0,12003,5906,25814,634.14,285,35427,0,3255,155.18,0,104
"Fri, 3 Feb 2012",15063,46065,11535,18515,12870,2292,13641,18662,11890,10888,9982,2213,28055,14592,0,2268,5202,3137,1461,5546,3213,7804,27520,5759,12978,9448,1639,768.68,4773,3563,2291,4730,5316,14524,2015,1366,0,44085,0,40844,755.5,4643,0,4014,0,17417,0,0,12852,10,0,2039,0,38.92,7952,641.4,0,1030,140.5,396,0,0,0,0,0,0,4025,0,0,0,5136,46152,0,10954,0,0,0,0,21616,65.65,5780,13264,89.56,0,817.5,0,8117,0,0,12512,6590,26365,614.62,245,36593,0,3237,108.48,0,105
"Fri, 10 Feb 2012",20044,49975,11754,18513,16903,1969,16615,18088,11175,13151,11844,2402,28998,16501,0,2027,7847,7335,1906,6136,2598,10759,34053,7510,14006,11274,1917,946.67,5255,4548,2833,8431,7222,17856,2776,1763,0,36277,0,40356,880,5378,0,4211,0,17853,0,0,13390,0,0,2347,0,59.84,9118,784.08,0,1205,167.27,162,0,0,0,0,0,0,6834,0,0,0,7203,66059,0,12506,0,0,0,0,25998,45.42,5637,16081,127.62,0,1147,0,8340,0,0,12689,6621,29570,781.26,0,38284,0,3440,168.18,0,106
"Fri, 17 Feb 2012",38871,47740,11673,17882,19866,2907,16097,18177,12200,12267,14429,2278,27686,17222,0,2498,8103,28057,1950,6094,3158,11674,35586,7685,16626,10352,2378,895.6,6318,4750,3683,14106,8250,18753,2164,940.86,0,41030,0,39914,789.98,3872,0,4712,0,21095,0,0,14757,0,0,3612,0,116.84,10385,993.77,0,3000,313.25,162,0,0,0,0,0,0,13608,0,0,0,6668,49227,0,13928,0,0,0,0,23442,92.43,6129,15014,160.84,0,932.96,0,8734,0,0,12877,6922,29277,759.08,6037,39074,0,3703,10.11,0,107
"Fri, 24 Feb 2012",13413,50550,11400,18394,16687,1259,15251,19465,13070,15202,11794,2596,28987,15509,0,5453,8317,1438,1507,5574,3215,9410,31276,7004,18229,9004,1817,817.52,5237,3999,3056,5333,6549,19428,2649,1045,0,42054,0,43668,588,6026,0,3635,0,18059,0,0,13273,0,0,3070,0,27.88,9112,644.88,0,1050,141.03,126,0,0,0,0,0,0,3896,0,0,0,8085,53164,0,11532,0,0,0,0,24223,54.38,5606,15168,216.4,0,1331,0,7964,0,0,12355,6869,26904,744.12,0,40128,0,3433,18.07,0,108
"Fri, 2 Mar 2012",12804,51186,10887,19048,19449,1965,16029,17768,14540,13402,11249,2535,30643,15444,0,6306,8264,762.56,1932,6750,3411,10597,35980,7637,17205,11211,1903,857.2,5216,5074,2500,6307,7347,20721,2531,927.5,0,44124,0,43797,600.6,6966,0,3798,0,19740,78,0,13571,0,0,2332,0,85.84,8595,1740,0,570,286.7,153,0,0,0,0,0,0,3485,0,0,0,7560,47808,0,12787,0,0,0,0,26731,110.72,5725,16241,125.2,0,949.85,0,5932,0,0,12659,6382,25434,529.16,330,41455,0,3316,4.76,0,109
"Fri, 9 Mar 2012",14614,49396,10939,17310,18699,2802,16322,19491,13318,13596,10829,2642,30045,15032,0,7647,8231,772.25,1982,6512,3438,9978,36746,6793,19618,10369,1827,712.83,4995,5284,3039,6731,6375,18187,2114,986,0,41773,0,42407,804,5526,0,3529,0,21234,0,0,13203,0,0,3608,0,96.84,8086,2408,0,1105,215.49,135,0,0,0,0,0,0,3126,0,0,0,7799,43556,0,10295,0,0,0,0,24015,50,6036,16609,87.1,0,833.55,0,6259,0,0,12309,7680,27819,941.94,125,42329,0,3680,33.43,0,110
"Fri, 16 Mar 2012",13929,50403,8333,18760,17043,2456,19063,18840,19276,15059,14859,2462,29967,14769,0,8785,7265,802.8,2082,7136,3608,10200,36413,6595,19494,10581,1797,725.47,5472,7229,3223,7387,5621,21896,2467,1656,0,36070,0,43951,1098,5853,0,3362,0,20981,0,0,14985,0,0,3058,0,112.68,8473,4536,0,3685,310.12,288,0,0,0,0,0,0,3384,0,0,0,6552,37483,0,11276,0,0,0,0,22793,67.34,5929,15297,62.22,0,1010,0,7544,0,0,12572,7362,25740,730.48,225,43271,0,3552,69.71,0,111
"Fri, 23 Mar 2012",15362,49285,8763,17717,15300,1235,17945,17979,15721,13952,13361,3140,27665,14563,0,13555,5788,1235,2139,4812,3163,8170,35498,6609,19829,11122,1697,587.72,4834,5229,2927,6943,6571,21852,2454,1472,0,45384,0,39909,912.5,5617,0,3587,0,17831,0,0,10962,0,0,2642,0,83.64,7097,3689,0,620,256.52,144,0,0,0,0,0,0,3540,0,0,0,6847,33481,0,10860,0,0,0,0,21606,90.84,5378,15257,93.2,0,1131,0,6237,0,0,11778,6799,25082,691.58,64.6,40133,0,3207,275.16,0,112
"Fri, 30 Mar 2012",18014,45933,9065,17882,14193,2641,17579,19014,17336,14914,13494,3031,28816,13110,0,11020,6219,2200,1966,4578,3056,8830,34158,6315,19574,12528,1542,521.45,4658,5128,2356,5601,7012,21087,3079,1668,0,43227,0,39388,833.04,4981,0,3526,0,19338,0,0,9656,0,0,2311,0,32.76,6403,5418,0,795,251.51,90,0,0,0,0,0,0,3968,0,0,0,5290,31408,0,9018,0,0,0,0,22377,70.7,5569,14391,163.4,0,1246,0,7059,0,0,11819,6501,23413,581.62,222.12,43808,0,3304,223.4,0,113
"Fri, 6 Apr 2012",27876,49089,8685,17910,17018,2105,20457,17934,23557,15011,13249,2538,27125,13511,0,11911,7043,7726,1810,5602,3051,6522,35907,7875,21556,11594,1348,600.95,4871,4906,2897,6375,7313,22962,3188,1956,0,33937,0,40061,1508,5260,0,3746,0,19866,0,0,9662,0,0,2341,0,23.92,6287,4277,0,770,219.41,189,0,0,0,0,0,0,4224,0,0,0,4513,36812,0,9007,0,0,0,0,19684,39.72,5943,15853,67.46,0,853.44,0,5967,0,0,12128,6726,26270,651.82,68.88,48128,0,3458,342.26,0,114
"Fri, 13 Apr 2012",25744,49926,9889,18348,13136,2774,21971,17996,21502,14616,11588,2933,27444,13937,0,11260,6050,5517,2162,5227,3414,7110,37814,7942,21665,12278,1353,464.4,4820,5472,2749,6128,7487,25660,2979,1342,0,40778,0,41170,1713,5042,0,3882,0,20246,0,0,8925,0,0,2269,0,23.92,7221,3618,0,7650,186.54,144,0,0,0,0,0,0,3684,0,0,0,4976,25485,0,10497,0,0,0,0,22980,112.21,6459,14925,169.44,0,713.19,0,9686,0,0,12224,6984,25554,914.38,160.1,46844,0,3322,64.82,0,115
"Fri, 20 Apr 2012",13237,52197,9128,19455,10877,2002,19017,19888,19705,14115,11207,2771,29483,12180,0,9206,5922,259.62,1823,5090,3207,8153,38579,6871,19660,10337,1332,626.59,4721,4897,2797,8453,6358,21650,2330,1331,0,40079,0,43553,800.5,6278,0,3541,0,20394,0,0,11533,0,0,2590,0,47.8,5472,4507,0,2560,219.58,135,0,0,0,0,0,0,3757,0,0,0,4960,31073,0,10475,0,0,0,0,21592,0,6137,14072,67.28,0,973.92,0,7686,0,0,11758,6912,26042,667.8,34.44,44629,0,3441,7.74,0,116
"Fri, 27 Apr 2012",11286,46862,7943,17629,9355,1623,19304,16602,19491,15141,12633,2892,24852,12324,0,5711,5544,5,1674,5180,2532,6593,34566,5666,18072,9401,1183,447.91,4150,5103,2560,8077,4903,20725,2253,1823,0,34050,0,40898,1941,4421,0,3312,0,19163,0,0,10246,0,0,2801,0,24.76,4474,4007,0,635,203.57,207,0,0,0,0,0,0,4080,0,0,0,4308,28030,0,10072,0,0,0,0,22474,0,6039,14406,153.98,0,1099,0,6977,0,0,10810,6395,22641,568.06,280.44,42738,0,3240,29.24,0,117
"Fri, 4 May 2012",10986,45600,9047,17241,11085,1693,21411,18513,18565,14917,12989,3399,26457,15180,0,10099,6478,0,1337,5657,2584,8192,33709,6391,17234,8970,1140,608.12,4502,4633,2477,7621,5935,20348,2463,1257,0,42439,0,41776,1454,5941,0,3602,0,20225,0,0,10947,0,0,3115,0,54.68,4027,3670,0,1600,148.47,234,0,0,0,0,0,0,5294,0,0,0,3915,28023,0,10049,0,0,0,0,19073,3.25,5755,12961,117.16,0,520.93,0,5942,0,0,10601,7070,22164,616.52,231.24,44134,0,3198,26.8,0,118
"Fri, 11 May 2012",11372,42642,8106,15839,10329,2141,14793,16893,16458,12726,12778,2559,23771,12488,0,10340,6218,2.43,1335,4638,2628,5389,32851,5407,16257,6959,1033,467.28,4203,4794,2686,7424,5080,19139,3495,1790,0,43781,0,35884,1067,4977,0,3313,0,17896,0,0,8812,0,0,2531,0,76.76,4548,3024,0,0,231.48,180,0,0,0,0,0,0,10636,0,0,0,3934,27437,0,9669,0,0,0,0,16749,10.48,5766,12672,98.32,0,1024,0,6173,0,0,10234,6941,22216,807.42,788.91,40052,0,3247,142.54,0,119
"Fri, 18 May 2012",11253,46930,7686,17652,10213,3285,16574,17557,18391,14377,12486,2711,26277,15404,0,9964,7008,-1.33,2245,5349,2917,6816,35644,6574,18150,9753,1025,472.59,4418,4793,2607,9715,6587,21446,3167,2122,0,36772,0,37747,2030,5233,0,4432,0,22069,0,0,11766,0,0,2625,0,43.68,5303,2517,0,1005,311.79,198,0,0,0,0,0,0,7507,0,0,0,4985,22642,0,10322,0,0,0,0,20284,4.88,6094,13840,111.88,0,1554,0,7188,0,0,11003,6666,23648,845.08,3773,43149,0,3285,32.64,0,120
"Fri, 25 May 2012",11469,48099,8454,18099,11615,3385,20073,18845,22852,15327,14582,2740,26640,12838,0,14259,7026,0,1897,5276,2987,7346,40255,7161,18576,10095,1155,567.94,4969,4995,2191,6751,7626,22749,3506,3071,0,36370,0,39520,1253,6142,0,4379,0,21935,0,0,9515,0,0,2424,0,64.84,5446,1143,0,1195,226.7,162,0,0,0,0,0,0,4469,0,0,0,4594,26143,0,9547,0,0,0,0,20106,3.25,6161,15095,136.76,0,1147,0,6140,0,0,10992,6690,23353,702,679.33,46188,0,3473,19.46,0,121
"Fri, 1 Jun 2012",10154,46619,7565,16912,11531,3275,24131,17407,22462,15891,14490,2821,25376,11855,0,12990,6253,0,1712,5193,2871,7170,37304,8026,19607,9254,956.74,335.96,3720,4343,2267,6346,5974,20543,2647,5140,0,32133,0,35142,1280,6025,0,3763,0,21210,0,0,7020,0,0,2343,0,38.92,5341,1217,0,1295,159.98,162,0,0,0,0,0,0,4345,0,0,0,4505,33144,0,9368,0,0,0,0,20691,32.7,5521,13735,107.22,0,1335,0,6891,0,0,10067,6362,21673,832.66,428.36,42929,0,3169,34,0,122
"Fri, 8 Jun 2012",10799,48594,8057,17438,13009,4306,24119,17259,20301,15096,13513,2444,25059,13066,0,8627,5849,0,1878,6701,2781,7967,38584,5978,17551,8662,1018,479.11,4532,4347,2758,8375,6418,22075,2729,4629,0,38055,0,36091,1019,4975,0,4376,0,21788,0,0,11075,0,0,2404,0,-3.12,5353,875.19,0,275,119.15,216,0,0,0,0,0,0,4102,0,0,0,5438,31169,0,9535,0,0,0,0,17292,31.92,5864,14117,142.04,0,1096,0,7847,0,0,10895,7152,23715,803.62,91.54,43347,0,3614,29.92,0,123
"Fri, 15 Jun 2012",10975,50553,7034,18753,15584,3926,21235,17901,20484,15592,13887,2576,27504,14106,0,10022,6258,10,1552,5635,3004,8126,40452,6117,19581,9560,1044,554.01,4752,4384,2635,6385,6409,19947,2865,3697,0,32994,0,38784,856.91,6133,0,4129,0,21581,0,0,7929,0,0,2131,0,60.84,4542,1065,0,2335,323.75,117,0,0,0,0,0,0,6183,0,0,0,3523,35636,0,9874,0,0,0,0,22131,0.75,5922,15132,125.26,0,1413,0,7161,0,0,10816,7871,24278,873.32,361.23,46140,0,3493,34.68,0,124
"Fri, 22 Jun 2012",12158,50838,7959,17580,12989,3167,21129,18821,20494,16326,12672,2324,27436,13048,0,9993,5609,0,1643,5180,2736,7587,43884,6842,19874,9951,1299,449.84,5170,5018,2425,7147,7782,22726,2598,4356,0,33745,0,41436,1433,5200,0,3841,0,22301,0,0,10935,0,0,1918,0,57.84,5460,1017,0,295,205.13,207,0,0,0,0,0,0,5630,0,0,0,3757,33534,0,9700,0,0,0,0,20372,-0.64,5973,15790,154.96,0,1147,0,8721,0,0,10132,7239,24145,792.98,151.54,48022,0,3307,36.98,0,125
"Fri, 29 Jun 2012",10547,47550,7569,17388,11412,2319,19835,17545,22059,19719,22426,2352,26687,12945,0,9496,4582,0,1660,5584,2801,5731,41023,6466,20109,8793,1073,344.15,4805,4739,2359,5841,6303,19445,2078,2939,0,35942,0,36535,1254,5898,0,3906,0,22136,0,0,9292,0,0,2088,0,44.92,4906,663.5,0,275,137.32,180,0,0,0,0,0,0,3547,0,0,0,5187,30348,0,9779,0,0,0,0,22219,9.25,5860,17626,94.16,0,1035,0,8149,0,0,10101,7206,22290,646.94,346.6,48811,0,3275,33.8,0,126
"Fri, 6 Jul 2012",9363,48491,7839,17629,13335,3913,22013,17935,24046,17646,16572,2421,26568,13625,0,12709,5972,-1,1582,5801,3126,6948,36563,6441,17048,8350,1039,361.76,4522,4444,2615,6363,5642,19099,2359,3107,0,25599,0,36367,1254,5801,0,2762,0,22582,0,0,9170,0,0,2221,0,23.92,5210,872.34,0,295,167.46,81,0,0,0,0,0,0,3906,0,0,0,4479,25631,0,10318,0,0,0,0,19792,5,6383,13906,185.74,0,886.38,0,5663,0,0,10264,7654,23400,801.74,106.58,48190,0,3492,57.96,0,127
"Fri, 13 Jul 2012",11411,45841,13728,17297,11414,2347,17119,17396,17011,16044,12307,3244,24620,11785,0,6451,6934,0.5,1537,5122,2821,7684,35610,6853,15977,8660,907.91,464.53,4892,5122,2890,7006,6283,18032,2313,2235,0,29163,0,36145,1499,5636,0,4422,0,19365,0,0,10393,0,0,2089,0,15,5922,572.44,0,910,197.92,189,0,0,0,0,0,0,3900,0,0,0,3725,24458,0,10496,0,0,0,0,20178,57.65,5974,14608,158.62,0,909.13,0,8234,0,0,10552,7345,23593,714.7,76.72,43775,0,3467,33.52,0,128
"Fri, 20 Jul 2012",11126,47837,18850,17718,11620,3535,18124,16872,17575,15520,13895,2729,25184,13030,0,7106,7040,0,1525,5759,2583,9537,34980,7317,16093,8855,1053,335.38,4938,4336,3802,5397,8297,18385,2150,2038,0,33618,0,38212,808.5,4972,0,3812,0,20476,-42,0,8256,0,0,1899,0,0,6723,465.13,0,385,102.74,90,0,0,0,0,0,0,3410,0,0,0,3135,30423,0,10758,0,0,0,0,19269,7.96,6117,15246,87.06,0,1318,0,8133,0,0,10313,6970,23574,572.08,177.12,43292,0,3443,37.42,0,129
"Fri, 27 Jul 2012",10630,47884,21338,18901,11808,2430,16253,17215,14016,15807,13262,2493,25912,12793,0,6470,5654,0,1234,6206,2849,5805,34513,9276,17552,8609,1034,318.53,4764,4331,4108,5252,8388,17183,2423,1530,0,29901,0,35167,1235,5357,0,3465,0,20024,0,0,8447,0,0,2491,0,71.8,4425,373.28,0,0,356.62,198,0,0,0,0,0,0,3399,0,0,0,5449,33429,0,11234,0,0,0,0,19178,82.74,5841,13063,121.36,0,1088,0,6786,0,0,9711,6765,23656,633.28,39.36,44109,0,3384,66.7,0,130
"Fri, 3 Aug 2012",9497,48127,26422,19252,12174,2141,15618,16221,15268,15373,17159,3073,27548,12050,0,6672,5822,0,1387,5732,2731,5253,37744,9957,16288,7806,1167,358.6,5057,4578,4648,5306,8445,18090,1656,988,0,24180,0,36292,1377,4935,0,3458,0,20549,0,0,9321,0,0,2282,0,91.64,5605,350.24,0,735,177.72,81,0,0,0,0,0,0,3246,0,0,0,6231,35949,0,10160,0,0,0,0,20263,20.98,5674,13460,85.4,0,1406,0,7579,0,0,10268,7219,23559,619.06,215.56,45328,0,3444,15,0,131
"Fri, 10 Aug 2012",9171,48706,39691,19121,10151,2466,15673,15895,13409,15940,13162,2893,27798,12517,0,5988,5716,0.97,2033,5975,2963,6572,36573,12190,16212,7019,1137,360.52,4759,4159,7628,5815,9734,18094,2524,667,0,28785,0,36618,1148,5501,0,3885,0,19088,0,0,10143,0,0,2297,0,66.84,4814,287.78,0,275,208.57,171,0,0,0,0,0,0,3543,0,0,0,4622,27646,0,11605,0,0,0,0,19448,27.18,5624,13369,132.96,0,1212,0,7210,0,0,10681,7292,23673,616.54,54.12,44025,0,3344,119.08,29.88,132
"Fri, 17 Aug 2012",10447,50917,48690,21001,11434,1691,16363,16703,14848,14592,11188,2936,29073,13291,0,4696,6669,7.97,1760,4318,3086,6875,38942,18213,18728,8895,1650,334.9,4741,4903,7921,5368,13421,18396,2669,507.84,0,36445,0,37806,1333,4836,0,3704,0,18901,0,0,9805,0,0,1971,0,4.88,5583,312.73,0,0,308.16,153,0,0,0,0,0,0,3883,0,0,0,3513,35456,0,12319,0,0,0,0,20757,1.97,5714,15822,73.38,0,1309,0,7010,0,0,10886,7301,24312,645.86,113.16,43003,0,3283,123.26,0,133
"Fri, 24 Aug 2012",10553,51740,62932,23925,14138,2754,17812,15763,14153,13069,11009,2767,30079,12375,0,4458,7000,0,1933,5401,2886,7246,44777,30978,20404,9547,2314,425.9,5552,4583,9405,4822,21936,18728,2379,393.68,0,29794,0,38071,1692,4766,0,4226,0,17818,0,0,11246,0,0,2437,0,23.92,5432,371.18,0,560,240.62,153,0,0,0,0,0,0,3592,0,0,0,5188,32036,0,13033,0,0,0,0,21471,4.69,6422,16141,135.6,0,934.73,0,6668,0,0,11646,7377,26237,683.28,59.04,41747,0,3466,98.54,0,134
"Fri, 31 Aug 2012",10218,51590,62412,22837,11385,1654,14860,16938,18797,12513,11503,2728,29299,12508,0,4420,5108,0,1754,4495,2771,6842,37627,23321,19241,8548,1806,524.85,4499,4403,10451,5162,14776,20334,1686,192.84,0,32222,0,37822,2875,4359,0,3193,0,18014,0,0,9551,0,0,2103,0,0,6532,655.05,0,1590,303.17,117,0,0,0,0,0,0,3529,0,0,0,3410,28115,0,11840,0,0,0,0,20614,16.01,6484,14939,198.62,0,935.03,0,5834,0,0,11695,6989,25410,651.56,108.24,42994,0,3497,68.64,0,135
"Fri, 7 Sep 2012",10363,44505,27607,19211,10481,2033,14707,15422,14880,12437,10531,2689,26546,10384,0,5543,5936,-22.97,1488,4554,3053,6829,29066,8110,13103,6741,1071,382.71,4345,4139,3403,5283,7004,18354,1419,638.64,0,31495,0,35812,2036,5697,0,3782,0,16474,42,0,7053,0,0,1856,0,10,5604,942.69,0,1900,313.53,207,0,0,0,0,0,0,2980,0,0,0,4906,33174,0,9886,0,0,0,0,17853,0,5751,11507,117.74,0,442.41,0,4856,0,0,10754,6258,23530,805.58,0,41273,0,3213,62.76,0,136
"Fri, 14 Sep 2012",12284,42915,14856,17083,8712,1533,15534,15206,14529,13794,9140,2599,25938,12905,0,3973,4758,1043,1637,4399,3085,5856,29940,7818,14256,9645,1005,452.74,4207,3606,2949,5005,5841,14862,1887,516.88,0,34233,0,36509,2007,5421,0,3988,0,15953,0,0,13130,0,0,1972,0,23.92,4876,836.29,0,1110,118.08,144,0,0,0,0,0,0,3658,0,0,0,3871,28281,0,10085,0,0,0,0,18200,11.81,5707,12091,224.04,0,974.4,0,6782,0,0,10238,6825,24139,716.28,158.62,39277,0,3101,61.5,0,137
"Fri, 21 Sep 2012",12184,46849,12390,17418,13274,2538,22769,15542,15183,13383,10072,2517,26309,11782,0,4794,5895,2524,1531,4646,2897,6149,28834,9037,15742,11487,1246,366.2,4290,3550,2996,4750,8162,16602,1686,1033,0,32786,0,37156,2740,4945,0,4281,0,17073,0,0,10528,0,0,1745,0,0,5840,875.68,0,1450,226.32,171,0,0,0,0,0,0,4222,0,0,0,2820,40798,0,9209,0,0,0,0,19153,1.25,6041,12333,172.68,0,796.76,0,7378,0,0,10705,6341,24666,472.18,127.08,38400,0,3158,114.9,0,138
"Fri, 28 Sep 2012",12060,44243,11083,16522,15672,2016,20603,14696,14862,13599,9904,3299,26923,11099,0,3035,5801,3652,1604,3794,3192,6115,27308,6636,13330,8213,1158,414.63,3590,4389,2943,4621,5608,15089,2180,753.45,0,31108,0,39876,3414,6629,0,5082,0,17065,0,0,10408,0,0,1647,0,84.8,5408,1049,0,0,145.39,99,0,0,0,0,0,0,3677,0,0,0,3979,42421,0,8025,0,0,0,0,18717,8.15,5980,13804,91.66,0,769.5,0,6677,0,0,10468,6531,22795,577.44,64.54,37302,0,3083,103.62,0,139
"Fri, 5 Oct 2012",12862,43909,9531,15581,10562,2504,16764,14521,14595,12770,9059,2675,25375,11996,0,1750,5116,5296,1936,3965,2793,6993,32816,8109,15596,10961,1349,485.86,4340,3605,3506,6837,7164,15289,2684,977.87,0,33707,0,38146,4641,4792,0,5574,0,16083,0,0,8414,0,0,3045,0,30.92,5272,1599,0,705,245.57,180,0,0,0,0,0,0,3700,0,0,0,5280,35470,0,10051,0,0,0,0,19881,64,6002,13920,167.06,0,762.57,0,6343,0,0,10647,6103,26464,666.72,307.32,35789,0,3403,45.46,0,140
"Fri, 12 Oct 2012",14035,41413,8651,16631,14067,2018,13743,15859,11537,13646,11159,2556,25390,12989,0,1210,5440,6290,1817,4237,2833,6427,40436,11458,18207,15242,1868,775.9,4352,3765,3674,5110,11349,20257,2001,2352,0,24603,0,35804,3402,5200,0,4044,0,16146,0,0,8537,0,0,2131,0,0,4675,1455,0,0,270.24,234,0,0,0,0,0,0,3829,0,0,0,2631,32214,0,8691,0,0,0,0,18381,93.96,6070,12874,199.1,0,724.75,0,4750,0,0,10893,6365,25123,803.51,147.14,36679,0,3209,37.06,29.88,141
"Fri, 19 Oct 2012",15205,44227,8526,17291,13274,1417,16945,15658,14118,12682,9923,3053,25607,12100,0,1760,6255,7867,1680,3997,2981,6219,31125,7973,15499,10090,1548,767.52,4338,4410,2962,5788,7082,16574,1738,1116,0,25664,0,36783,1712,5851,0,4418,0,16343,0,0,9685,0,0,2245,0,4.88,5971,1376,0,1255,197.13,324,0,0,0,0,0,0,4898,0,0,0,4131,32467,0,8685,0,0,0,0,18343,81.97,5836,13979,121.56,0,1050,0,7875,0,0,10680,6447,24302,494.54,91.7,35199,0,3027,34.82,0,142
"Fri, 26 Oct 2012",17417,45086,8472,16549,14561,1721,18901,16066,14822,12539,10171,2476,25437,12839,0,1354,5776,12669,2069,4429,2994,7965,33725,9739,16776,11819,2575,735.86,5058,4318,3668,4805,9099,18124,2191,1376,0,29892,0,38643,3607,5704,0,5535,0,16432,0,0,11692,0,0,2975,0,0,5374,398.79,0,640,192.5,135,0,0,0,0,0,0,5009,0,0,0,3879,28988,0,9258,0,0,0,0,18356,10.97,6088,14190,132.38,0,789.78,0,5649,0,0,11201,6273,24871,499.9,523.25,36753,0,3158,28.12,0,143
"Fri, 2 Nov 2012",25054,45941,9220,16655,16285,3185,18409,16589,14880,12782,10295,2697,25864,13463,0,1349,6703,8692,1894,4734,2978,8409,41511,9812,17279,13456,2227,733.4133,5069,4010,4042,5548,8371,18577,2067,3055,0,28756,0,37433,3113,5607,0,4201,0.1202,18693,2.9858,0,10111,0.0699,0.1413,2349,0,-1.9794,6925,419.3797,0,725.7945,764.5185,198.5204,0,0,0,0,0,0,4216,0,0,0,3878,36629,0,9568,0,0,4.5594,0.000318,18750,44.8432,6036,13668,138.0038,0,844.7194,0,6833,0,0,10914,6393,26285,658.0876,0.1335,36782,0.014,3207,54.0301,2.0301,144
"Fri, 9 Nov 2012",11747,47712,10641,16655,19025,3379,21977,16559,14333,12806,10354,2696,25864,13394,0,1344,7070,6911,1895,4011,2978,8137,38289,8900,17261,14399,2182,730.9666,5424,3745,3877,5803,9421,18667,2067,2752,0,28486,0,37417,3113,5617,0,4797,0.1202,17490,2.9858,0,10111,0.0699,0.1413,2351,0,-3.9019,13603,242.8742,0,720.0643,1132,198.5204,0,0,0,0,0,0,4203,0,0,0,3878,41369,0,10716,0,0,4.5594,0.000318,18750,45.1639,6050,15356,136.5012,0,844.7194,0,6833,0,0,10918,6393,26775,658.1541,32.4847,36811,0.014,3209,54.0301,2.0301,145
"Fri, 16 Nov 2012",12046,48437,10010,16655,16705,4451,23535,17085,11512,12830,10413,2694,25864,16701,0,1340,7807,12503,1897,4793,2978,8692,40740,8237,18115,13857,2068,728.5199,5704,4262,3818,5491,8974,19102,2067,2705,0,28216,0,37401,3113,5627,0,4703,0.1202,17313,2.9858,0,10111,0.0699,0.1413,2354,0,-5.8244,10180,500.9207,0,714.3341,1315,198.5204,0,0,0,0,0,0,4658,0,0,0,3878,37921,0,8992,0,0,4.5594,0.000318,18750,45.4847,6064,14135,134.9986,0,844.7194,0,6833,0,0,10921,6393,28283,658.2205,240.3919,36840,0.014,3211,54.0301,2.0301,146
"Fri, 23 Nov 2012",12319,52043,9416,16655,60978,10413,63781,17034,19997,12854,10472,2693,25864,37628,0,1335,11149,33163,1898,7466,2978,14853,57573,17706,22336,20526,2630,726.0732,7433,4233,4844,8536,16288,24928,2067,4401,0,27946,0,37385,3113,5637,0,6125,0.1202,19693,2.9858,0,10111,0.0699,0.1413,2356,0,-7.7469,24278,1786,0,708.6039,1459,198.5204,0,0,0,0,0,0,4232,0,0,0,3878,243697,0,19396,0,0,4.5594,0.000318,18750,45.8055,6077,16799,133.496,0,844.7194,0,6833,0,0,10925,6393,29869,658.287,202.985,36868,0.014,3213,54.0301,2.0301,147
"Fri, 30 Nov 2012",14940,45749,10719,16655,21511,1622,42012,16536,11800,12878,10532,2692,25864,16439,0,1330,7687,45723,1899,4392,2978,8652,39433,10563,16127,11156,2523,723.6265,6026,3260,4715,5260,10786,18127,2067,3843,0,27676,0,37369,3113,5647,0,5232,0.1202,19173,2.9858,0,10111,0.0699,0.1413,2358,0,-9.6694,9898,3278,0,702.8737,1965,198.5204,0,0,0,0,0,0,4066,0,0,0,3878,47927,0,9198,0,0,4.5594,0.000318,18750,46.1263,6091,16548,131.9934,0,844.7194,0,6833,0,0,10928,6393,23633,658.3535,43.9968,36897,0.014,3215,54.0301,2.0301,148
"Fri, 7 Dec 2012",20106,46743,12136,16655,29803,3359,63807,17736,12920,12902,10592,2691,25864,22204,0,1325,7162,41835,1900,4755,2978,11761,50934,15076,18504,13254,3252,721.1799,7365,3457,6773,7718,13526,21883,2067,5652,0,27406,0,37353,3113,5657,0,6579,0.1202,22026,2.9858,0,10111,0.0699,0.1413,2361,0,-11.5919,10725,3635,0,697.1435,3302,198.5204,0,0,0,0,0,0,5954,0,0,0,3878,46818,0,10328,0,0,4.5594,0.000318,18750,46.4471,6105,20987,130.4909,0,844.7194,0,6833,0,0,10932,6393,26338,658.42,450.2539,36926,0.014,3217,54.0301,2.0301,149
"Fri, 14 Dec 2012",30616,64139,13873,16655,49849,4983,99705,18805,16155,12926,10653,2689,25864,24535,0,1320,11226,31321,1902,5027,2978,13442,57670,14867,19902,16375,4146,718.7332,8421,3651,7420,11706,16130,22644,2067,5127,0,27136,0,37337,3113,5667,0,7012,0.1202,30215,2.9858,0,10111,0.0699,0.1413,2363,0,-13.5145,17729,2505,0,691.4133,8519,198.5204,0,0,0,0,0,0,9975,0,0,0,3878,58368,0,10261,0,0,4.5594,0.000318,18750,46.7679,6119,27707,128.9883,0,844.7194,0,6833,0,0,10935,6393,26357,658.4864,705.0781,36955,0.014,3220,54.0301,2.0301,150
"Fri, 21 Dec 2012",30917,67401,14063,16655,80260,4419,204643,22626,23289,12951,10713,2688,25864,42757,0,1315,12628,23162,1903,5944,2978,18594,82558,19566,27443,25046,4917,716.2865,13666,5306,9487,28737,22237,30765,2067,6890,0,26867,0,37321,3113,5677,0,7184,0.1202,42846,2.9858,0,10111,0.0699,0.1413,2365,0,-15.437,33959,579.1539,0,685.6831,12789,198.5204,0,0,0,0,0,0,16339,0,0,0,3878,106472,0,13604,0,0,4.5594,0.000318,18750,47.0886,6132,48881,127.4857,0,844.7194,0,6833,0,0,10939,6393,26228,658.5529,203.74,36983,0.014,3222,54.0301,2.0301,151
"Fri, 28 Dec 2012",11310,43732,8128,16655,22068,7334,26831,14782,12949,12975,10775,2687,25864,19270,0,1310,10045,10788,1904,4511,2978,10188,39557,8042,14200,7672,2558,713.8398,6093,3612,3989,7571,8014,16862,2067,2358,0,26597,0,37305,3113,5687,0,3303,0.1202,22594,2.9858,0,10111,0.0699,0.1413,2368,0,-17.3595,13699,43.9217,0,679.9529,5507,198.5204,0,0,0,0,0,0,6336,0,0,0,3878,41833,0,12623,0,0,4.5594,0.000318,18750,47.4094,6146,18104,125.9831,0,844.7194,0,6833,0,0,10942,6393,20572,658.6194,148.8137,37012,0.014,3224,54.0301,2.0301,152
"Fri, 4 Jan 2013",9515,41733,12461,16655,13439,2429,14618,15260,9769,12999,10836,2685,25864,14879,0,1306,6990,5217,1906,4490,2978,8214,26949,4629,10363,5390,1984,711.3931,4482,3522,2423,3704,4182,13154,2067,711.6326,0,26327,0,37289,3113,5697,0,2806,0.1202,15804,2.9858,0,10111,0.0699,0.1413,2370,0,-19.282,7478,104.5041,0,674.2227,972.6197,198.5204,0,0,0,0,0,0,3476,0,0,0,3878,32595,0,13998,0,0,4.5594,0.000318,18750,47.7302,6160,12491,124.4805,0,844.7194,0,6833,0,0,10946,6393,24119,658.6859,0,37041,0.014,3226,54.0301,2.0301,153
"Fri, 11 Jan 2013",10788,42319,12173,16655,13515,1252,9919,15268,9472,13024,10898,2684,25864,14015,0,1301,6222,1946,1907,4257,2978,7500,30171,4666,11885,6503,1789,708.9464,4742,2848,2864,3544,4686,12315,2067,1690,0,26057,0,37273,3113,5707,0,3322,0.1202,15146,2.9858,0,10111,0.0699,0.1413,2372,0,-21.2045,5849,95.611,0,668.4925,230.1455,198.5204,0,0,0,0,0,0,2968,0,0,0,3878,28818,0,12957,0,0,4.5594,0.000318,18750,48.051,6174,13551,122.9779,0,844.7194,0,6833,0,0,10949,6393,27198,658.7525,-5.0433,37070,0.014,3228,54.0301,2.0301,154
"Fri, 18 Jan 2013",11446,44877,15200,16655,13013,1126,10607,15859,10197,13048,10960,2683,25864,14885,0,1296,6538,1426,1908,4894,2978,7143,29042,4356,12218,6785,1749,706.4997,4841,3417,2526,4511,4471,13210,2067,1238,0,25787,0,37257,3113,5717,0,3976,0.1202,16161,2.9858,0,10111,0.0699,0.1413,2375,0,-23.127,6797,80.0789,0,662.7623,294.854,198.5204,0,0,0,0,0,0,3525,0,0,0,3878,34412,0,11319,0,0,4.5594,0.000318,18750,48.3718,6187,13415,121.4753,0,844.7194,0,6833,0,0,10953,6393,25766,658.819,54.9777,37098,0.014,3230,54.0301,2.0301,155
"Fri, 25 Jan 2013",11580,42496,12872,16655,14235,799.1844,11569,15364,9696,13072,11023,2681,25864,13707,0,1291,5364,1794,1910,3807,2978,5987,26941,4528,12073,7217,1634,704.053,4711,3143,2622,4377,5036,13316,2067,1080,0,25517,0,37241,3113,5727,0,4028,0.1202,16509,2.9858,0,10111,0.0699,0.1413,2377,0,-25.0495,6184,85.457,0,657.0321,295.7796,198.5204,0,0,0,0,0,0,3607,0,0,0,3878,33233,0,11228,0,0,4.5594,0.000318,18750,48.6925,6201,13165,119.9727,0,844.7194,0,6833,0,0,10956,6393,24220,658.8855,213.1867,37127,0.014,3232,54.0301,2.0301,156
"Fri, 1 Feb 2013",12676,42952,10407,16655,18035,1238,13369,16597,11319,13097,11086,2680,25864,15996,0,1286,5166,2926,1911,5448,2978,8904,30063,5760,13011,9093,1789,701.6063,5429,3610,2747,5158,5555,15459,2067,1480,0,25247,0,37226,3113,5737,0,3755,0.1202,16568,2.9858,0,10111,0.0699,0.1413,2379,0,-26.972,8031,421.4964,0,651.3019,427.5106,198.5204,0,0,0,0,0,0,3930,0,0,0,3878,51658,0,10912,0,0,4.5594,0.000318,18750,49.0133,6215,12366,118.4701,0,844.7194,0,6833,0,0,10960,6393,23786,658.952,174.5746,37156,0.014,3235,54.0301,2.0301,157
"Fri, 8 Feb 2013",20995,47868,11306,16655,19350,2517,15330,16254,11974,13121,11149,2679,25864,17235,0,1281,8194,9867,1912,6128,2978,11236,35421,7501,14236,10578,2049,699.1596,6025,4530,3044,6872,7464,18954,2067,1517,0,24978,0,37210,3113,5747,0,4139,0.1202,18246,2.9858,0,10111,0.0699,0.1413,2382,0,-28.8945,9243,530.8124,0,645.5717,489.0171,198.5204,0,0,0,0,0,0,7127,0,0,0,3878,63199,0,12317,0,0,4.5594,0.000318,18750,49.3341,6229,16055,116.9676,0,844.7194,0,6833,0,0,10963,6393,25071,659.0186,96.9175,37185,0.014,3237,54.0301,2.0301,158
"Fri, 15 Feb 2013",29491,49417,11512,16655,19718,2503,16418,16625,12450,13146,11213,2677,25864,18015,0,1276,7899,24340,1914,6136,2978,11921,37209,7684,16814,10972,2374,696.713,7198,4940,3522,15575,8468,20042,2067,983.7939,0,24708,0,37194,3113,5757,0,4219,0.1202,21257,2.9858,0,10111,0.0699,0.1413,2384,0,-30.817,10869,825.337,0,639.8415,650.7145,198.5204,0,0,0,0,0,0,13570,0,0,0,3878,58069,0,14107,0,0,4.5594,0.000318,18750,49.6549,6243,16449,115.465,0,844.7194,0,6833,0,0,10967,6393,24706,659.0851,5858,37213,0.014,3239,54.0301,2.0301,159
"Fri, 22 Feb 2013",11558,48564,11420,16655,16206,1247,16435,17011,13193,13171,11277,2676,25864,16432,0,1272,8480,1141,1915,5955,2978,10324,33337,6999,18278,10231,1832,694.2663,4848,4235,3231,6463,6700,20394,2067,1331,0,24438,0,37178,3113,5767,0,3331,0.1202,18018,2.9858,0,10111,0.0699,0.1413,2386,0,-32.7395,9017,573.8547,0,634.1113,405.6174,198.5204,0,0,0,0,0,0,3921,0,0,0,3878,53869,0,12303,0,0,4.5594,0.000318,18750,49.9757,6256,14841,113.9624,0,844.7194,0,6833,0,0,10970,6393,22884,659.1517,0,37242,0.014,3241,54.0301,2.0301,160
"Fri, 1 Mar 2013",11446,49467,10785,16655,17465,2842,18317,16258,14927,13195,11341,2675,25864,17477,0,1267,8112,250.0918,1917,6601,2978,10719,33279,7625,17285,10909,1873,691.8196,4982,5108,2953,6807,7063,20969,2067,1157,0,24168,0,37162,3113,5777,0,3465,0.1202,19443,2.9858,0,10111,0.0699,0.1413,2389,0,-34.6621,8215,1585,0,628.3811,638.0483,198.5204,0,0,0,0,0,0,3631,0,0,0,3878,54031,0,13196,0,0,4.5594,0.000318,18750,50.2965,6270,14702,112.4598,0,844.7194,0,6833,0,0,10974,6393,22479,659.2182,235.0761,37271,0.014,3243,54.0301,2.0301,161
"Fri, 8 Mar 2013",12785,48102,10837,16655,15600,3366,15584,16293,15352,13220,11406,2674,25864,15980,0,1262,8164,574.8288,1918,6171,2978,9312,35848,6812,19593,10533,1769,689.3729,4419,5237,3090,5969,6410,18570,2067,1444,0,23898,0,37146,3113,5787,0,3507,0.1202,20482,2.9858,0,10111,0.0699,0.1413,2391,0,-36.5846,8510,2073,0,622.6509,477.5782,198.5204,0,0,0,0,0,0,3274,0,0,0,3878,45569,0,11126,0,0,4.5594,0.000318,18750,50.6172,6284,14630,110.9572,0,844.7194,0,6833,0,0,10977,6393,23436,659.2848,89.3726,37300,0.014,3245,54.0301,2.0301,162
"Fri, 15 Mar 2013",12508,48699,8350,16655,18002,2956,18618,16398,19513,13245,11471,2672,25864,15879,0,1257,7002,1192,1920,7025,2978,10061,35957,6603,19708,10150,1683,686.9262,5018,7106,3023,6407,5776,21654,2067,2112,0,23628,0,37130,3113,5797,0,3746,0.1202,20077,2.9858,0,10111,0.0699,0.1413,2393,0,-38.5071,9153,3999,0,616.9207,565.1216,198.5204,0,0,0,0,0,0,3529,0,0,0,3878,41291,0,11708,0,0,4.5594,0.000318,18750,50.938,6298,14613,109.4546,0,844.7194,0,6833,0,0,10981,6393,22322,659.3514,160.0139,37328,0.014,3247,54.0301,2.0301,163
"Fri, 22 Mar 2013",13745,47082,9282,16655,16890,94.2425,16694,15914,15586,13270,11536,2671,25864,15207,0,1252,5363,1937,1921,5196,2978,8457,34635,6639,19834,9353,1583,684.4795,4254,5268,2853,6198,6713,20789,2067,1659,0,23358,0,37114,3113,5807,0,3429,0.1202,18062,2.9858,0,10111,0.0699,0.1413,2396,0,-40.4296,8032,3677,0,611.1905,433.4526,198.5204,0,0,0,0,0,0,3571,0,0,0,3878,36191,0,11487,0,0,4.5594,0.000318,18750,51.2588,6311,13456,107.952,0,844.7194,0,6833,0,0,10984,6393,21719,659.418,46.2908,37357,0.014,3250,54.0301,2.0301,164
"Fri, 29 Mar 2013",19381,44602,9367,16655,16260,2988,18354,16246,16614,13295,11602,2670,25864,14910,0,1247,5765,5648,1922,4842,2978,8957,32779,6334,19531,11011,1532,682.0328,4046,5104,2573,5817,6929,20586,2067,1655,0,23089,0,37098,3113,5817,0,3780,0.1202,18783,2.9858,0,10111,0.0699,0.1413,2398,0,-42.3521,7350,5363,0,605.4603,425.5384,198.5204,0,0,0,0,0,0,3967,0,0,0,3878,36155,0,10192,0,0,4.5594,0.000318,18750,51.5796,6325,13559,106.4494,0,844.7194,0,6833,0,0,10988,6393,21488,659.4845,158.3582,37386,0.014,3252,54.0301,2.0301,165
"Fri, 5 Apr 2013",21020,47622,8937,16655,15919,1980,19328,15696,19007,13320,11668,2668,25864,15398,0,1242,7032,6219,1924,5894,2978,6886,34447,7855,21523,10864,1355,679.5861,4459,5012,2749,5877,7145,22004,2067,1940,0,22819,0,37082,3113,5827,0,4067,0.1202,19459,2.9858,0,10111,0.0699,0.1413,2400,0,-44.2746,6633,4633,0,599.7301,437.0921,198.5204,0,0,0,0,0,0,4333,0,0,0,3878,40980,0,10059,0,0,4.5594,0.000318,18750,51.9004,6339,13314,104.9469,0,844.7194,0,6833,0,0,10991,6393,22534,659.5511,49.2538,37415,0.014,3254,54.0301,2.0301,166
"Fri, 12 Apr 2013",15008,48625,9905,16655,13172,3581,19217,16023,19644,13345,11735,2667,25864,14790,0,1237,5802,2685,1925,5086,2978,7394,36305,7916,21475,10863,1312,677.1394,4200,5436,2640,6434,7385,23530,2067,1493,0,22549,0,37066,3113,5837,0,3872,0.1202,19942,2.9858,0,10111,0.0699,0.1413,2403,0,-46.1971,7387,3932,0,593.9998,382.6229,198.5204,0,0,0,0,0,0,3794,0,0,0,3878,34208,0,10852,0,0,4.5594,0.000318,18750,52.2211,6353,13218,103.4443,0,844.7194,0,6833,0,0,10995,6393,21662,659.6177,113.8043,37443,0.014,3256,54.0301,2.0301,167
"Fri, 19 Apr 2013",14265,50481,9293,16655,13997,1064,19047,16646,18016,13370,11802,2666,25864,14027,0,1233,5760,2702,1927,5145,2978,8036,37173,6884,19708,11101,1315,674.6927,4383,4898,2985,7640,6618,21523,2067,1567,0,22279,0,37050,3113,5847,0,3769,0.1202,20112,2.9858,0,10111,0.0699,0.1413,2405,0,-48.1196,6927,4625,0,588.2696,439.9121,198.5204,0,0,0,0,0,0,4008,0,0,0,3878,35381,0,10875,0,0,4.5594,0.000318,18750,52.5419,6366,13659,101.9417,0,844.7194,0,6833,0,0,10998,6393,22335,659.6843,24.8004,37472,0.014,3258,54.0301,2.0301,168
"Fri, 26 Apr 2013",12723,45938,8250,16655,12269,"-1,910",19442,15991,18410,13395,11869,2664,25864,14150,0,1228,5370,1927,1929,4979,2978,6671,35371,5695,18373,9397,1194,672.2461,4411,5121,2568,6884,5276,20544,2067,1971,0,22009,0,37034,3113,5857,0,3245,0.1202,19238,2.9858,0,10111,0.0699,0.1413,2408,0,-50.0421,6050,3948,0,582.5394,372.0069,198.5204,0,0,0,0,0,0,4276,0,0,0,3878,34205,0,10391,0,0,4.5594,0.000318,18750,52.8627,6380,12705,100.4391,0,844.7194,0,6833,0,0,11002,6393,20399,659.751,199.9141,37501,0.014,3260,54.0301,2.0301,169
"Fri, 3 May 2013",10734,45186,9798,16655,11876,490.6344,18221,16681,17812,13420,11937,2663,25864,16429,0,1223,6162,50.2773,1930,5570,2978,8074,32396,6383,17369,9348,1214,669.7994,4679,4679,2635,8527,5953,19687,2067,1571,0,21739,0,37019,3113,5867,0,3947,0.1202,19746,2.9858,0,10111,0.0699,0.1413,2410,0,-51.9646,5332,3753,0,576.8092,287.7345,198.5204,0,0,0,0,0,0,5952,0,0,0,3878,33252,0,11232,0,0,4.5594,0.000318,18750,53.1835,6394,12617,98.9365,0,844.7194,0,6833,0,0,11005,6393,21340,659.8176,390.4079,37530,0.014,3262,54.0301,2.0301,170
"Fri, 10 May 2013",11112,43900,8169,16655,10788,746.9196,15637,15107,16874,13445,12005,2662,25864,15293,0,1218,6170,-12.9461,1932,4843,2978,5884,34910,5430,16481,8157,1222,667.3527,4961,4807,3046,9517,5252,20390,2067,2030,0,21469,0,37003,3113,5877,0,3756,0.1202,18711,2.9858,0,10111,0.0699,0.1413,2412,0,-53.8872,6257,3168,0,571.079,418.9689,198.5204,0,0,0,0,0,0,10529,0,0,0,3878,35346,0,10500,0,0,4.5594,0.000318,18750,53.5043,6408,12242,97.4339,0,844.7194,0,6833,0,0,11009,6393,20974,659.8842,2181,37558,0.014,3265,54.0301,2.0301,171
"Fri, 17 May 2013",10910,47607,8101,16655,11077,3624,19989,16569,19427,13470,12074,2660,25864,16131,0,1213,7207,-11.2799,1933,5404,2978,6798,36129,6576,18214,9707,1139,664.906,4746,4797,2714,7656,6475,20947,2067,2499,0,21199,0,36987,3113,5887,0,4455,0.1202,21373,2.9858,0,10111,0.0699,0.1413,2415,0,-55.8097,6723,2317,0,565.3488,426.5535,198.5204,0,0,0,0,0,0,7175,0,0,0,3878,33385,0,11107,0,0,4.5594,0.000318,18750,53.8251,6421,13072,95.9313,0,844.7194,0,6833,0,0,11012,6393,21792,659.9508,2689,37587,0.014,3267,54.0301,2.0301,172
"Fri, 24 May 2013",10630,48189,8285,16655,11778,2317,21222,17109,22163,13495,12143,2659,25864,14124,0,1208,7086,-11.1119,1935,5468,2978,7293,38630,7146,18754,9721,1169,662.4593,4703,4958,2396,7025,7485,21736,2067,3471,0,20930,0,36971,3113,5897,0,4408,0.1202,21267,2.9858,0,10111,0.0699,0.1413,2417,0,-57.7322,6795,1524,0,559.6186,363.2848,198.5204,0,0,0,0,0,0,4558,0,0,0,3878,32044,0,10564,0,0,4.5594,0.000318,18750,54.1458,6435,14224,94.4287,0,844.7194,0,6833,0,0,11016,6393,20843,660.0175,484.143,37616,0.014,3269,54.0301,2.0301,173
"Fri, 31 May 2013",10204,47668,7667,16655,13528,1481,26455,16256,24538,13521,12212,2658,25864,13689,0,1203,6219,-10.8478,1936,5719,2978,7241,39768,8011,19775,9275,1022,660.0126,4525,4467,2514,7230,6215,21509,2067,6058,0,20660,0,36955,3113,5907,0,3913,0.1202,21687,2.9858,0,10111,0.0699,0.1413,2420,0,-59.6547,6650,1359,0,553.8884,264.6651,198.5204,0,0,0,0,0,0,4506,0,0,0,3878,35301,0,10638,0,0,4.5594,0.000318,18750,54.4666,6449,13746,92.9261,0,844.7194,0,6833,0,0,11019,6393,21298,660.0841,305.4764,37645,0.014,3271,54.0301,2.0301,174
"Fri, 7 Jun 2013",10538,48821,8592,16655,13095,3928,25349,16187,21814,13546,12282,2657,25864,14708,0,1199,5585,-10.85,1938,6799,2978,7423,39195,5997,17679,9558,1088,657.5659,5314,4489,2805,7209,6646,21769,2067,5197,0,20390,0,36939,3113,5917,0,4315,0.1202,21549,2.9858,0,10111,0.0699,0.1413,2422,0,-61.5772,6372,1105,0,548.1582,281.5563,198.5204,0,0,0,0,0,0,4220,0,0,0,3878,37175,0,10859,0,0,4.5594,0.000318,18750,54.7874,6463,13748,91.4236,0,844.7194,0,6833,0,0,11023,6393,23320,660.1508,65.8906,37673,0.014,3273,54.0301,2.0301,175
"Fri, 14 Jun 2013",10461,50707,7655,16655,14752,3940,23018,16242,20686,13571,12352,2655,25864,15172,0,1194,6090,-7.3247,1940,6000,2978,8300,42923,6129,19746,9326,1110,655.1192,5105,4539,2752,6529,6593,20327,2067,4432,0,20120,0,36923,3113,5927,0,4307,0.1202,21537,2.9858,0,10111,0.0699,0.1413,2424,0,-63.4997,6182,1158,0,542.428,404.3376,198.5204,0,0,0,0,0,0,6371,0,0,0,3878,40203,0,10867,0,0,4.5594,0.000318,18750,55.1082,6476,14252,89.921,0,844.7194,0,6833,0,0,11026,6393,23177,660.2174,259.5101,37702,0.014,3275,54.0301,2.0301,176
"Fri, 21 Jun 2013",11156,49615,8307,16655,13867,2819,22329,16602,21115,13597,12422,2654,25864,14231,0,1189,5464,-10.8563,1941,5511,2978,7556,44949,6840,19949,9222,1229,652.6725,5570,5060,2531,7166,7524,21245,2067,4357,0,19850,0,36907,3113,5937,0,4183,0.1202,21612,2.9858,0,10111,0.0699,0.1413,2427,0,-65.4222,6807,866.8976,0,536.6978,322.2675,198.5204,0,0,0,0,0,0,5740,0,0,0,3878,35677,0,10506,0,0,4.5594,0.000318,18750,55.429,6490,13824,88.4184,0,844.7194,0,6833,0,0,11030,6393,22479,660.2841,108.8024,37731,0.014,3277,54.0301,2.0301,177
"Fri, 28 Jun 2013",10331,48358,7806,16655,12889,1184,21557,15741,23112,13622,12493,2653,25864,13931,0,1184,4148,-8.0769,1943,6017,2978,6437,38811,6456,20139,8185,1097,650.2258,5274,4812,2725,5773,6319,19330,2067,3503,0,19580,0,36891,3113,5947,0,4121,0.1202,21418,2.9858,0,10111,0.0699,0.1413,2429,0,-67.3447,6155,768.4725,0,530.9676,300.2208,198.5204,0,0,0,0,0,0,3600,0,0,0,3878,33323,0,10659,0,0,4.5594,0.000318,18750,55.7497,6504,15687,86.9158,0,844.7194,0,6833,0,0,11033,6393,21713,660.3508,372.8154,37760,0.014,3280,54.0301,2.0301,178
"Fri, 5 Jul 2013",9617,47720,8537,16655,13599,3170,20761,15642,22165,13648,12565,2651,25864,15056,0,1179,5541,-11.1873,1944,6339,2978,7411,35278,6431,17188,7489,1042,647.7792,4986,4519,2943,5856,5804,19116,2067,3469,0,19310,0,36875,3113,5957,0,3610,0.1202,21494,2.9858,0,10111,0.0699,0.1413,2431,0,-69.2672,6496,854.2871,0,525.2374,311.4114,198.5204,0,0,0,0,0,0,3882,0,0,0,3878,31454,0,10407,0,0,4.5594,0.000318,18750,56.0705,6518,13478,85.4132,0,844.7194,0,6833,0,0,11037,6393,22415,660.4175,418.9441,37788,0.014,3282,54.0301,2.0301,179
"Fri, 12 Jul 2013",11046,47491,13647,16655,12610,2174,19041,15987,18467,13673,12636,2650,25864,13349,0,1174,6927,-10.6972,1946,5274,2978,8024,35514,6840,16152,8445,994.928,645.3325,5487,5049,2948,6163,6254,18304,2067,2284,0,19041,0,36859,3113,5967,0,4593,0.1202,18928,2.9858,0,10111,0.0699,0.1413,2434,0,-71.1897,7198,603.8759,0,519.5072,310.1923,198.5204,0,0,0,0,0,0,3894,0,0,0,3878,31123,0,10839,0,0,4.5594,0.000318,18750,56.3913,6531,13515,83.9106,0,844.7194,0,6833,0,0,11040,6393,22555,660.4841,214.5568,37817,0.014,3284,54.0301,2.0301,180
"Fri, 19 Jul 2013",10643,49566,19131,16655,13489,3239,19105,15835,16932,13699,12708,2649,25864,14572,0,1169,6933,-10.8634,1948,5724,2978,9343,37477,7317,16452,9098,1087,642.8858,5487,4459,3819,5781,8086,18819,2067,2029,0,18771,0,36843,3113,5977,0,4023,0.1202,20527,2.9858,0,10111,0.0699,0.1413,2436,0,-73.1123,7477,528.3105,0,513.777,246.2527,198.5204,0,0,0,0,0,0,3496,0,0,0,3878,37095,0,11433,0,0,4.5594,0.000318,18750,56.7121,6545,14892,82.408,0,844.7194,0,6833,0,0,11044,6393,22327,660.5508,463.7551,37846,0.014,3286,54.0301,2.0301,181
"Fri, 26 Jul 2013",10813,48516,22406,16655,12395,1960,17606,16197,16633,13725,12781,2647,25864,14516,0,1165,5297,-10.8656,1950,6066,2978,6557,33908,9264,17625,8283,1122,640.4391,5296,4400,4356,4186,8168,17109,2067,1621,0,18501,0,36827,3113,5987,0,3908,0.1202,19965,2.9858,0,10111,0.0699,0.1413,2439,0,-75.0348,6139,434.6906,0,508.0468,347.7407,198.5204,0,0,0,0,0,0,3469,0,0,0,3878,37068,0,11614,0,0,4.5594,0.000318,18750,57.0329,6559,13041,80.9054,0,844.7194,0,6833,0,0,11048,6393,22134,660.6175,509.5007,37875,0.014,3288,54.0301,2.0301,182
"Fri, 2 Aug 2013",10043,48432,28432,16655,11633,2192,17397,15624,16942,13751,12854,2646,25864,14334,0,1160,5564,-10.8677,1951,5856,2978,6985,36830,9959,16516,8020,1261,637.9924,5459,4656,4889,5882,8402,18341,2067,1219,0,18231,0,36812,3113,5997,0,3825,0.1202,19963,2.9858,0,10111,0.0699,0.1413,2441,0,-76.9573,6267,439.551,0,502.3166,291.4104,198.5204,0,0,0,0,0,0,3325,0,0,0,3878,38219,0,11171,0,0,4.5594,0.000318,18750,57.3537,6573,13823,79.4029,0,844.7194,0,6833,0,0,11051,6393,22569,660.6843,244.0096,37903,0.014,3290,54.0301,2.0301,183
"Fri, 9 Aug 2013",10074,49894,41796,16655,11445,2194,17360,15108,15279,13776,12927,2645,25864,14366,0,1155,5492,-10.5516,1953,5754,2978,6856,37794,12246,16372,8341,1262,635.5457,5844,4189,7430,5573,9831,18471,2067,846.048,0,17961,0,36796,3113,6007,0,4108,0.1202,19034,2.9858,0,10111,0.0699,0.1413,2443,0,-78.8798,6493,326.4575,0,496.5864,335.7629,198.5204,0,0,0,0,0,0,3566,0,0,0,3878,34585,0,12111,0,0,4.5594,0.000318,18750,57.6744,6587,13409,77.9003,0,844.7194,0,6833,0,0,11055,6393,22955,660.751,148.759,37932,0.014,3292,54.0301,2.0301,184
"Fri, 16 Aug 2013",10333,52894,55079,16655,11481,762.4855,17210,15573,15933,13802,13001,2644,25864,14351,0,1150,6357,-8.2577,1955,4646,2978,7389,42226,18328,18889,9353,1809,633.099,6157,4971,9630,5806,13906,18605,2067,626.5119,0,17691,0,36780,3113,6017,0,3794,0.1202,19374,2.9858,0,10111,0.0699,0.1413,2446,0,-80.8023,6318,316.6387,0,490.8562,476.5409,198.5204,0,0,0,0,0,0,3839,0,0,0,3878,39769,0,13038,0,0,4.5594,0.000318,18750,57.9952,6600,14595,76.3977,0,844.7194,0,6833,0,0,11058,6393,22803,660.8177,120.5156,37961,0.014,3294,54.0301,2.0301,185
"Fri, 23 Aug 2013",10784,52894,66382,16655,12009,3845,16864,15124,14284,13828,13075,2642,25864,13024,0,1145,7127,-10.8757,1956,5209,2978,7481,46641,30871,20429,9195,2305,630.6523,6423,4721,11285,4972,20918,19161,2067,432.9683,0,17421,0,36764,3113,6027,0,4131,0.1202,18178,2.9858,0,10111,0.0699,0.1413,2448,0,-82.7248,5766,358.5101,0,485.126,331.2162,198.5204,0,0,0,0,0,0,3526,0,0,0,3878,32122,0,12804,0,0,4.5594,0.000318,18750,58.316,6614,15093,74.8951,0,844.7194,0,6833,0,0,11062,6393,23760,660.8844,43.6037,37990,0.014,3297,54.0301,2.0301,186
"Fri, 30 Aug 2013",10330,50008,49306,16655,11015,578.1473,15747,15521,21260,13854,13150,2641,25864,12894,0,1140,5025,-10.6114,1958,4489,2978,6988,31794,23059,18881,7716,1567,628.2056,4780,4348,7788,5194,13256,18203,2067,331.6721,0,17152,0,36748,3113,6037,0,3628,0.1202,17702,2.9858,0,10111,0.0699,0.1413,2451,0,-84.6473,7003,613.6656,0,479.3958,381.1498,198.5204,0,0,0,0,0,0,3521,0,0,0,3878,31674,0,11684,0,0,4.5594,0.000318,18750,58.6368,6628,14800,73.3925,0,844.7194,0,6833,0,0,11065,6393,22653,660.9511,77.1264,38018,0.014,3299,54.0301,2.0301,187
"Fri, 6 Sep 2013",10245,45320,22033,16655,11427,1879,15492,14858,17624,13880,13225,2640,25864,11456,0,1135,5942,67.5413,1960,4709,2978,7188,28161,8072,13209,7951,1132,625.7589,4528,4104,3680,6072,6898,16850,2067,746.2588,0,16882,0,36732,3113,6047,0,3481,0.1202,16600,2.9858,0,10111,0.0699,0.1413,2453,0,-86.5698,6219,832.5815,0,473.6656,345.1491,198.5204,0,0,0,0,0,0,3034,0,0,0,3878,33293,0,10398,0,0,4.5594,0.000318,18750,58.9576,6642,12059,71.8899,0,844.7194,0,6833,0,0,11069,6393,23397,661.0179,0.0867,38047,0.014,3301,54.0301,2.0301,188
"Fri, 13 Sep 2013",11863,44813,13764,16655,10562,1167,15879,14863,14182,13906,13301,2638,25864,13362,0,1131,4669,1263,1962,4242,2978,6260,28737,7793,14334,8830,1057,623.3123,4269,3609,3127,5870,5902,14371,2067,545.894,0,16612,0,36716,3113,6057,0,4235,0.1202,16187,2.9858,0,10111,0.0699,0.1413,2456,0,-88.4923,5843,806.5989,0,467.9354,251.0457,198.5204,0,0,0,0,0,0,3635,0,0,0,3878,33670,0,9674,0,0,4.5594,0.000318,18750,59.2783,6655,12364,70.3873,0,844.7194,0,6833,0,0,11072,6393,23848,661.0846,113.198,38076,0.014,3303,54.0301,2.0301,189
"Fri, 20 Sep 2013",11543,47124,11797,16655,12462,2101,19237,15361,15373,13932,13377,2637,25864,12612,0,1126,6037,2464,1964,4476,2978,6502,30339,8981,15794,9914,1267,620.8656,4362,3583,2877,5230,7877,15685,2067,960.9331,0,16342,0,36700,3113,6067,0,4388,0.1202,16995,2.9858,0,10111,0.0699,0.1413,2458,0,-90.4148,6537,916.7628,0,462.2052,326.1886,198.5204,0,0,0,0,0,0,4151,0,0,0,3878,36978,0,9429,0,0,4.5594,0.000318,18750,59.5991,6669,13771,68.8847,0,844.7194,0,6833,0,0,11076,6393,23239,661.1514,112.1656,38105,0.014,3305,54.0301,2.0301,190
"Fri, 27 Sep 2013",12067,45382,10540,16655,13157,1701,17270,15888,14168,13958,13453,2636,25864,11965,0,1121,5812,3398,1965,3851,2978,6890,28652,6627,13499,9816,1222,618.4189,3866,4347,3047,5486,5652,14677,2067,863.1833,0,16072,0,36684,3113,6077,0,4925,0.1202,16658,2.9858,0,10111,0.0699,0.1413,2460,0,-92.3373,6016,1087,0,456.475,260.3374,198.5204,0,0,0,0,0,0,3681,0,0,0,3878,37357,0,8546,0,0,4.5594,0.000318,18750,59.9199,6683,13186,67.3821,0,844.7194,0,6833,0,0,11079,6393,22724,661.2182,111.5978,38133,0.014,3307,54.0301,2.0301,191
"Fri, 4 Oct 2013",13168,44494,9637,16655,11850,2036,15780,15829,14393,13984,13530,2634,25864,12518,0,1116,5001,4406,1967,4054,2978,7130,30044,8079,15701,11582,1358,615.9722,4355,3643,3153,5954,6926,15069,2067,1027,0,15802,0,36668,3113,6087,0,4442,0.1202,16156,2.9858,0,10111,0.0699,0.1413,2463,0,-94.2599,5575,1382,0,450.7448,247.8978,198.5204,0,0,0,0,0,0,3737,0,0,0,3878,34804,0,10498,0,0,4.5594,0.000318,18750,60.2407,6697,13660,65.8796,0,844.7194,0,6833,0,0,11083,6393,24494,661.2849,348.8155,38162,0.014,3309,54.0301,2.0301,192
"Fri, 11 Oct 2013",14328,44054,9028,16655,13322,2773,14958,15681,13530,14011,13607,2633,25864,13481,0,1111,5535,5584,1969,4308,2978,6569,33735,11384,18255,12308,1585,613.5255,4436,3785,3472,5161,10562,18259,2067,1775,0,15532,0,36652,3113,6097,0,4498,0.1202,16313,2.9858,0,10111,0.0699,0.1413,2465,0,-96.1824,5360,1158,0,445.0146,432.6341,198.5204,0,0,0,0,0,0,3858,0,0,0,3878,31731,0,9032,0,0,4.5594,0.000318,18750,60.5615,6710,13169,64.377,0,844.7194,0,6833,0,0,11086,6393,24692,661.3517,197.741,38191,0.014,3312,54.0301,2.0301,193
"Fri, 18 Oct 2013",16311,46039,9160,16655,14090,1374,18470,15579,13927,14037,13685,2632,25864,13060,0,1106,6233,7743,1971,4046,2978,6327,33386,7998,15618,11738,1594,611.0788,4635,4290,3045,5388,7370,16530,2067,1333,0,15262,0,36636,3113,6107,0,4468,0.1202,16784,2.9858,0,10111,0.0699,0.1413,2468,0,-98.1049,6192,1211,0,439.2844,390.3262,198.5204,0,0,0,0,0,0,4774,0,0,0,3878,39585,0,9445,0,0,4.5594,0.000318,18750,60.8823,6724,14093,62.8744,0,844.7194,0,6833,0,0,11090,6393,24647,661.4185,141.6978,38220,0.014,3314,54.0301,2.0301,194
"Fri, 25 Oct 2013",21552,45588,8688,16655,13505,1392,19362,15452,14360,14063,13763,2630,25864,13037,0,1101,5631,15263,1973,4417,2978,7548,36763,9736,16977,12745,2282,608.6321,5089,4294,3767,5539,9121,17710,2067,1718,0,14993,0,36620,3113,6117,0,5574,0.1202,16682,2.9858,0,10111,0.0699,0.1413,2470,0,-100.0274,6198,492.6499,0,433.5542,375.2743,198.5204,0,0,0,0,0,0,4899,0,0,0,3878,35508,0,9218,0,0,4.5594,0.000318,18750,61.203,6738,14576,61.3718,0,844.7194,0,6833,0,0,11093,6393,25320,661.4853,385.105,38248,0.014,3316,54.0301,2.0301,195